id,vin_number,registration_number,brand,model,engine_modification,year_of_issue,mileage
1,WAUDH74F88N615344,awzd07690,Kia,Carens,ndb-30-50,2008,584038
2,3FA6P0SU2DR925252,ygop32275,Dodge,Caravan,yrj-95-87,2002,219803
3,1GD11ZCG6DF964468,mjwj19579,Pontiac,Grand Am,xsz-46-75,1986,812473
4,WAUXL68E65A495635,adys70743,Chevrolet,S10,pvd-12-55,2004,242154
5,WA1WMAFP9EA098451,aocj61923,Chevrolet,Suburban 2500,mma-46-77,1994,17847
6,1G4GE5G34CF700047,xuth83834,BMW,8 Series,dqr-70-52,1994,306003
7,1VWAH7A35DC252567,unxh06477,Chevrolet,Express 2500,ypz-42-42,1997,389318
8,WAUKGAFBXAN452428,fude82133,Chrysler,Concorde,san-70-43,1998,207394
9,1N6AA0CA8EN864274,jsnp82160,Dodge,Dakota Club,xjz-07-77,2002,351925
10,3C6TD5DTXCG624088,exwt32489,Toyota,TundraMax,ogx-98-20,2007,552560
11,5J6TF1H33CL339297,dofq41292,Ford,Expedition EL,myx-71-04,2009,170002
12,JN8AZ1MU6EW630241,pekt18085,Mitsubishi,Pajero,aqz-76-07,1985,980508
13,1G4GE5G30EF431273,iope26608,Ford,Bronco II,pos-90-93,1989,182305
14,5NPDH4AE3FH805580,htqr66525,Volkswagen,Jetta,fsl-92-82,1992,829447
15,WUADU78E18N658006,hkga33269,Lexus,HS,tjj-19-64,2010,978237
16,1N4CL2AP2AC897551,ksri82350,Chevrolet,APV,cdk-60-84,1993,932532
17,WAUEV74F67N715504,dbxj76470,Dodge,Avenger,vwp-29-81,2010,684512
18,5GAKRAKD5FJ389484,aqzm88120,Lincoln,Continental,jpp-89-70,1995,243135
19,WAUKF78P99A310766,wkmy09727,Audi,V8,cie-07-25,1991,382653
20,JM1NC2EF6A0415783,nhsp70129,Ford,Explorer Sport,zcs-83-92,2002,998859
21,WBABW53476P097665,nyef99350,Mercury,Sable,xte-15-81,1995,182929
22,5FRYD4H4XFB940367,ijzv16986,Dodge,Viper,vus-77-44,1995,77460
23,JN1CY0AP8AM915824,lyrk04876,Hyundai,Tucson,set-98-82,2006,582985
24,WBANU5C53AC449796,ylqy73939,Lexus,IS-F,arb-18-23,2011,283101
25,1G6DP57V590786292,qzhi38431,Saab,900,nwh-06-72,1986,131972
26,WBABW53455P495813,vloe50936,Ford,Escape,qdm-28-96,2008,393004
27,WAULT58E03A567872,eaaz46993,Chevrolet,Blazer,mzy-76-58,1995,255065
28,1GD22XEG4FZ709757,hfss00790,Honda,Prelude,rqf-43-06,1994,516125
29,KMHTC6ADXDU675454,qreq11787,Mazda,RX-8,iig-32-49,2007,632876
30,JN8AZ2KR6BT589109,hwtz86733,Chrysler,LHS,oyt-14-79,1994,733179
31,1FTEW1CW6AK577869,eiqn52376,Hyundai,Sonata,szv-55-88,1997,190493
32,1G6DA8E51C0302065,dcvt58903,Mitsubishi,Endeavor,fva-90-95,2004,593839
33,1G4HG5EM4AU273066,teov76229,Ford,Aerostar,wdc-63-77,1991,453771
34,JM1NC2JF4C0660736,ldkg87896,Nissan,Pathfinder,qyv-82-22,2006,42573
35,JN1CV6EKXFM201081,rryx47066,Acura,TL,piq-47-99,1996,161815
36,WBAYA6C56ED545823,ctyb56819,Pontiac,Trans Sport,lgw-99-82,1991,854895
37,YV1672MS4B2138879,kuqg69963,Hyundai,Accent,zwz-64-82,1998,960747
38,5LMJJ2H53AE550545,qpkn97051,Volkswagen,CC,etn-03-65,2009,268203
39,WBANF33576B071333,nypr86457,Toyota,Avalon,ijb-87-20,2012,797276
40,5NMSG3AB5AH612105,vqul68757,Plymouth,Grand Voyager,xzm-31-80,1996,405777
41,1G6DS5E34C0637122,ruzx76763,Chevrolet,Malibu,pwt-09-97,1999,790945
42,1G6AB5SXXE0420154,gkvn96364,Chevrolet,Traverse,xpn-73-11,2009,938090
43,WP0AA2A99ES317510,tcfu39361,Toyota,Land Cruiser,aha-14-87,2001,963862
44,1GYFK26249R145862,qtri30406,Audi,Quattro,iey-75-37,1994,211540
45,1N6AF0LY4FN286500,kzmu75465,Dodge,Intrepid,nwn-24-95,2000,582233
46,2D4RN5D11AR189373,bvge67778,Honda,CR-V,iwv-65-85,2000,962203
47,WAUEH78E87A278654,ehhl00701,Dodge,Stratus,vqi-68-25,1997,576002
48,WAUJC68EX3A163023,lcvy95222,Honda,Prelude,iia-35-59,2001,339062
49,1D7RB1CT9BS839266,jsza62727,Dodge,Caliber,ufr-56-91,2011,300926
50,1C4RJEAG7FC212639,mtkd49229,Lincoln,Blackwood,dcp-56-07,2003,522381
51,WP0CB2A80CS612814,exms72256,Lincoln,Continental,kyv-58-59,2001,459399
52,WDDHH8JB7FB388678,nuwf43452,Maserati,Quattroporte,jgk-65-82,2009,627645
53,2G4GV5GV3D9059775,nrsx36736,Mercury,Mariner,txo-70-71,2005,171427
54,1GYS4BEF4BR168335,rhlf15485,Volkswagen,Passat,ksj-78-77,2003,452281
55,KNAFU5A28B5668059,cezt02887,Lexus,GX,gyw-84-91,2009,653215
56,JTDKN3DUXA0954085,opxk90066,MINI,Cooper,xsl-62-74,2010,710404
57,SAJWA4EC9DM578700,slat38057,Ford,Taurus,idr-45-03,2009,706224
58,WAUUL78E86A713875,eerj65860,Mitsubishi,Raider,sbu-83-02,2007,226879
59,WVWBB7AJ1DW674244,wmpf25542,Chrysler,Town & Country,akt-10-01,2008,464196
60,NM0KS7AN8AT916105,bwks53031,Suzuki,XL-7,zbn-35-06,2006,707660
61,WAUDT94F45N564690,gsjh19188,Buick,Electra,nxp-32-52,1987,129868
62,1HGCP2E30CA170172,nall76138,Scion,xA,enw-54-27,2006,519383
63,3C3CFFCR4CT925630,ngab96434,Chevrolet,Corsica,whv-66-41,1995,439539
64,WAUDFAFL0BA529191,aevu21955,Audi,S8,nlh-32-44,2009,597690
65,WBA1K5C5XFV364342,lhml48332,GMC,1500 Club Coupe,kew-84-63,1998,710201
66,JH4KB16688C159734,kyno04517,Porsche,911,taf-55-47,1991,8458
67,3VWKP7AJ7CM892704,geyr96663,Lotus,Exige,huq-66-54,2008,716462
68,WAUVC58EX5A537418,cgop73791,Audi,S5,vkg-98-89,2012,767153
69,JH4DC23901S454591,fymp41519,Mazda,Millenia,cvj-66-05,2000,610602
70,5N1AN0NU9AC879348,yefu01940,Toyota,Celica,rxx-89-50,1998,333372
71,WAUHE78P48A790999,sbbn11929,Ford,Econoline E350,wjh-85-76,1995,398739
72,2C3CCACG2CH750653,bahr31559,Chevrolet,Silverado 3500,jez-83-32,2006,124333
73,KMHHT6KD8AU137643,xqzw77795,Pontiac,Torrent,wjq-94-04,2009,802358
74,1FTEX1CM3BK337353,mdnb59164,Ford,Aerostar,iov-23-35,1990,278824
75,2D4RN7DG8BR148630,dqfk62948,Pontiac,Fiero,ykc-74-82,1985,292802
76,4T1BF1FK5EU116733,mnaz03068,GMC,Yukon XL 2500,xcz-42-10,2013,206075
77,1N6AF0LY7FN100934,yluj07360,Mercedes-Benz,E-Class,mqj-63-44,2008,643837
78,WBA6B2C55DD975970,ktgg62681,Chrysler,PT Cruiser,pmg-07-27,2008,161672
79,WAULC68E84A835929,ghlp49964,Chevrolet,Corvette,yow-37-60,1987,704168
80,WA1MMAFE0AD390214,ghti70057,Mitsubishi,Montero Sport,ats-97-78,2002,572489
81,1GYEC63N05R407076,aepm57512,Infiniti,M,fnq-84-22,2011,569753
82,1G6DG577880290614,vhcu61355,GMC,1500,mdm-69-71,1995,122593
83,WAUFFAFL1CN050409,tush82190,Ferrari,612 Scaglietti,dsy-33-01,2010,158348
84,JM1NC2EF2A0369403,uerz13783,Mercedes-Benz,S-Class,wxd-15-89,1987,289257
85,2G4WY55J621762740,qyqt01052,Toyota,Sienna,fsz-25-14,2006,915980
86,3N1CN7AP7EL496799,bnwo52027,Chevrolet,Impala SS,kzx-98-71,1995,526253
87,KMHTC6ADXDU376384,twph92200,Dodge,Ram 1500,qtw-84-73,2007,31578
88,KL4CJFSB3EB953285,vepp43169,Mercedes-Benz,W201,gkn-99-63,1992,493099
89,KL4CJBSB8FB893594,ctjj27266,Plymouth,Voyager,psu-02-04,1995,202111
90,WBXPA73484W627795,knwd03866,Hyundai,Tucson,ghp-99-14,2008,631797
91,1G6KD57929U087374,lxuk34872,GMC,Yukon XL 1500,foq-99-05,2002,622948
92,SCBGU3ZA3DC849711,taik37377,Chrysler,Town & Country,dzi-04-16,1998,238170
93,JN1BJ0HR5DM495581,zuzx80433,Mercedes-Benz,SL-Class,rok-39-47,1987,887783
94,3N1AB6AP2BL859483,iyxw99921,Lotus,Elise,loc-48-12,2004,579157
95,2G61V5S80E9864603,nvwm17844,Jeep,Cherokee,drf-30-99,1994,31995
96,WBAEH13456C328926,uzev24581,Jeep,Grand Cherokee,hgo-23-24,1997,117878
97,1C4RDHAGXDC017205,wylv27336,Chevrolet,HHR,hxu-49-76,2011,196979
98,5N1AN0NU6FN271637,hrob77177,Jeep,Liberty,pwz-07-38,2009,18154
99,WA1LMAFEXAD833626,hlxh63209,Pontiac,Fiero,xho-22-33,1985,881119
100,JN1CV6EK9AM212887,jzdb74287,Nissan,Titan,kib-04-04,2004,754401
101,1D4PT6GX6BW420814,rskx63716,Ford,E350,tar-78-90,2011,266227
102,WAUFEAFMXDA165918,lhrc35615,Buick,Park Avenue,huk-63-24,1998,417247
103,WBA4C9C52FD386701,ipbw90255,Chevrolet,Suburban 2500,law-59-31,1995,228802
104,1GYS4BEF2ER807042,qfld61101,Cadillac,Seville,aqj-49-92,2001,918297
105,1G6KD5E61BU790818,ktqg99509,Land Rover,Range Rover,qhv-86-48,1991,419685
106,2C3CDXJG9FH362603,gsbb82198,Dodge,Dakota Club,won-79-84,2004,286079
107,1G4HR57Y18U740173,dfvb40079,Acura,MDX,jkn-96-18,2002,297075
108,5N1AN0NU8AC244749,fxwe80017,Ford,Laser,hfr-65-91,1989,348113
109,5TFBW5F1XCX021468,ztmn51405,Toyota,Tacoma,slz-79-38,2001,188208
110,JN1BY1AR9EM269279,nuul16282,Chevrolet,Camaro,dfu-24-92,2002,235045
111,WAULT68E75A751098,xyak41458,Audi,5000S,wxu-97-98,1985,323501
112,1YVHZ8BH4A5084414,qvon98650,Mazda,Protege,phi-62-89,1998,328640
113,1G4HR54K214159478,rbjt61728,Suzuki,Swift,anm-82-56,1991,51130
114,JTDKTUD39ED486108,okhi71083,Volkswagen,Golf,eyw-45-61,1976,528666
115,WBABN53453J167925,dsdh03105,Mercedes-Benz,SL-Class,qdv-70-89,1984,724037
116,1FTMF1C85AK730402,tlgc63594,Infiniti,G,hee-48-40,2012,852330
117,2C3CDXJG1DH260841,tftp57645,Pontiac,Grand Prix,nht-49-15,2007,388155
118,WAUDFAFL2FN942874,xxlx24833,Geo,Metro,ijz-37-37,1996,999422
119,4A31K2DFXAE485130,poal02877,Jaguar,XJ,ans-50-95,2008,124806
120,WAUHF98P19A527945,rsyj52512,Mercedes-Benz,S-Class,oyh-70-37,1994,207326
121,2G4GS5GX8F9316569,fzhb50437,Chevrolet,Camaro,eeo-54-11,1999,713668
122,1FTWW3A55AE857274,ocxy34756,Maserati,Karif,cba-82-43,1989,540499
123,WAUSH94F97N260315,mhpg55621,Kia,Sedona,ttz-84-06,2006,761812
124,WBAEN334X4E286582,bisu15608,Mercedes-Benz,300TE,zdq-90-78,1993,476922
125,3C63DRGL9CG305431,qnfq02365,Chevrolet,Corvette,xmh-01-26,2012,46619
126,1FT7W2A60EE134607,idrg94116,Mercedes-Benz,CLK-Class,edq-87-04,2000,100682
127,1GYS4JEF5ER287574,aviy31733,Kia,Forte,csq-40-53,2012,137718
128,KMHGC4DEXBU885592,cmuf20318,Hyundai,Genesis Coupe,cvb-68-04,2013,563235
129,1N6AD0CW2FN892768,vvmf46350,Chevrolet,Corvair,aid-14-22,1960,251475
130,1ZVBP8AM8E5998992,vczl18006,GMC,Safari,scl-74-20,2000,623926
131,WAUMGAFLXEA431514,gptc99063,Ford,F-Series,bma-11-39,2002,835417
132,2C3CK6CT4BH805857,oept53755,Ford,Escape,jlj-77-72,2005,473227
133,5N1AZ2MH0FN905903,vpbv09985,BMW,Z8,apd-48-17,2002,719522
134,WVWBB7AJ5DW436896,zbrp89745,Ford,Escort,zzy-55-20,1995,907782
135,WBANF73587C870539,cuex39086,Oldsmobile,LSS,xtq-49-29,1998,583119
136,WBABW33476P418799,wmub08457,GMC,Savana 1500,uur-69-87,2005,188938
137,1G6AM5S38D0398340,ugwt09931,BMW,Z8,aex-26-89,2001,428977
138,SAJWA6E78E8817470,aqhl24178,Cadillac,XLR,jsp-58-91,2007,871883
139,WBAYA6C50DD108141,yfck49555,Buick,LaCrosse,tbs-25-02,2007,672312
140,WAUXF98K39A401683,gwjo53435,Chevrolet,Malibu,wph-62-77,2002,17688
141,3C63DRJL9CG597378,gyhl79671,Cadillac,Escalade,tqg-97-84,2002,126292
142,2G4GV5GV8D9676380,zdci04021,Jeep,Grand Cherokee,elr-58-56,1997,858253
143,WAUHGAFC5EN554664,uske76373,Oldsmobile,Alero,xns-71-94,2002,430534
144,JN8AZ1FY5BW516579,tuqt71267,Dodge,Ram 2500 Club,vbu-86-04,1997,249283
145,WA1VGAFP8EA812248,odjd41822,Land Rover,Range Rover,tbf-19-36,1994,423575
146,JN1BJ0HRXEM533906,wrmc02046,Honda,Pilot,itq-62-12,2005,32933
147,1GD01ZEG1BF815777,lqlo66630,Chevrolet,1500,lyq-85-79,1995,143659
148,2C4RDGDG7FR519699,axqa81344,Mazda,MX-5,yio-87-85,2012,712160
149,YV1960AS3A1827339,zjka14320,Cadillac,SRX,ald-14-50,2007,326091
150,WBAEU33402K827740,eaqc35807,Buick,Century,jui-32-50,1991,205905
151,WAU3FAFRXBA797987,gjqt26538,Aston Martin,DBS,iiv-10-73,2011,439639
152,YV4852CT8B1880476,jktp89641,Lexus,LX,bco-07-49,2011,824013
153,WBAFR9C59BC302915,jheg64870,Alfa Romeo,164,abt-45-45,1995,811599
154,JN8AZ1FY9BW874879,gabn93480,BMW,X6 M,dsw-22-47,2013,308478
155,WBA6B2C50FG412763,zdfg49114,Toyota,Highlander Hybrid,xsl-89-72,2007,460147
156,WAULFAFH4CN507731,rqcc71071,Land Rover,LR2,qbk-26-60,2010,80621
157,KNAGN4AD3F5172525,nmsw77673,Dodge,Nitro,dyp-29-81,2007,876638
158,1D4PT6GX5AW474474,jtqn53979,Chevrolet,G-Series 1500,qlk-22-37,1996,183016
159,3FADP4AJ5EM162437,gkbv37015,Nissan,Altima,hjj-69-22,2005,505481
160,1G6DP5E38C0509502,wjtp08313,Maserati,Quattroporte,slx-23-29,2012,439305
161,WBALM5C52AE618850,oddr49290,Land Rover,Range Rover,asw-59-03,2011,900226
162,WBA3A5C50FP547359,srii03294,Buick,Lucerne,uxd-65-27,2007,305870
163,WBAPH7G53BN958067,zaqw67603,GMC,Yukon Denali,ixd-20-62,2000,293019
164,JA4AS2AW6CU507912,ihza04168,Maybach,Landaulet,vlh-71-54,2009,330334
165,WAUEH74F87N780829,wcxp55702,Mazda,Tribute,wtz-47-31,2011,415131
166,3GYFNCEY3BS122059,rhkn69616,Lamborghini,Countach,dlr-89-70,1985,940536
167,WAUDV74F39N112377,tltm44186,Chevrolet,Tahoe,fyk-19-82,1995,732653
168,WAUEFBFL4AN898878,fnkk14099,GMC,Savana 3500,etu-12-95,2006,761243
169,WVWAP7ANXEE275596,jhya90558,Audi,TT,ddv-67-99,2002,3315
170,1FTMF1EW3AK359400,adqq99241,Toyota,Avalon,byw-78-00,2011,29146
171,JN8AZ2KR8AT585657,bbwv30254,Toyota,Land Cruiser,pch-34-18,1994,619933
172,WAUCFAFR3CA255258,cjjv67776,Lamborghini,Countach,ycw-49-68,1988,579548
173,2HNYD18205H789184,gqjh55524,Mercury,Tracer,dbv-91-01,1992,255010
174,3VWPG3AG6AM659252,adlp25538,Toyota,MR2,ujz-20-71,1985,189118
175,3GYFK66N44G951291,wdgi01049,Saab,9-7X,ofz-85-07,2007,675275
176,1GYS3HKJ2FR758974,wwxd58070,Dodge,Caravan,vzh-08-57,2009,587551
177,1FTEW1CW3AF329071,iipm60152,Chrysler,Fifth Ave,dxb-17-31,1992,831090
178,1GYS4CEF9DR558968,pzpp39625,Honda,Prelude,dlq-06-27,1996,27878
179,1GKS1HE01CR390205,rynk25246,Volvo,S40,kfz-54-08,2005,73829
180,WAUGN74F59N413102,fdan90049,Volkswagen,GTI,oaa-76-51,1987,922920
181,3VW8S7AT8FM617373,uxoo39693,Land Rover,Freelander,yrz-19-01,2010,164277
182,1GYS3CEF0CR856942,bcca02234,Ford,Explorer Sport Trac,web-54-72,2010,617003
183,3FAHP0DC5BR350395,lwbz23693,Ford,F-Series,yqx-91-26,2002,658070
184,WAUCFAFC9FN423509,uxje50538,Mercedes-Benz,300TE,kqf-99-50,1992,178638
185,WA1YD64B03N491290,jhcz16042,Dodge,D150 Club,fli-37-81,1992,266905
186,JN8AF5MR1FT312249,ifgr19908,Cadillac,CTS,zpn-83-32,2003,544839
187,JTHBL1EF5E5367164,yeid14608,Chevrolet,Aveo,yjz-52-05,2010,249468
188,JH4KB16557C474755,rgch94497,Toyota,RAV4,nwo-11-84,2005,55653
189,JA4AP3AU8CZ461105,gkll21595,Pontiac,LeMans,mwb-84-15,1988,34942
190,SAJWA0FB4CL324301,vhya74772,Saturn,S-Series,fqv-51-41,2002,326503
191,ML32A3HJ3EH146781,vdpl84944,Maybach,57,nxy-84-06,2008,340330
192,5J8TB2H24AA433309,uaxq79589,Pontiac,6000,gwe-38-80,1991,109793
193,1C4SDJCT4CC162709,vsrz36273,Dodge,Intrepid,sej-02-47,2001,219986
194,WP1AA2AP0AL413816,tuva06644,Mitsubishi,3000GT,cbo-47-70,1993,605613
195,WUAAU34228N772359,wmbo32807,Plymouth,Grand Voyager,dif-59-73,1994,978916
196,YV4952CT9D1908826,ctpn11531,Dodge,Charger,svz-40-53,1968,278016
197,WBABD534X5P866857,opbi61298,Ford,F250,atx-82-68,2005,500059
198,1FTFW1E82AK747972,lqjz71935,Dodge,Dakota Club,odj-71-89,2004,707882
199,1FTSF3B53AE543362,sfeh48289,Porsche,911,nhk-69-48,1989,524374
200,WBAUN1C51BV483002,bjet01883,Mitsubishi,Galant,lpm-92-07,1987,353943
201,JM1BL1K59B1783721,vkit21020,Chevrolet,Cruze,sfi-85-61,2013,689720
202,5TDDK3DC4BS443401,cizm55108,Kia,Sportage,mfy-80-75,2000,683347
203,1N6AA0CC0BN582210,rsqn04552,Mitsubishi,Tredia,yyb-75-50,1986,691866
204,WAUVT58E45A307180,unzl85489,Volkswagen,Golf,pjk-77-23,2004,340128
205,3D73Y3HL0BG079292,xkow46515,Oldsmobile,Bravada,pds-12-15,1992,584018
206,JTHBP5C24A5982715,cevn75468,BMW,M3,mpp-22-02,1995,552730
207,1FMJK1F53AE665799,gflk81942,Buick,LeSabre,mpg-62-88,1992,763608
208,WVWED7AJ4BW578046,sfxr68060,Volvo,S80,fqk-73-75,2002,222456
209,5LMJJ2H59EE923660,ufys09151,Porsche,911,xem-39-67,1996,360049
210,5BZBF0AA4EN832708,nmku18773,Ford,Lightning,kyb-94-80,1994,735332
211,WAUGFAFR4EA754056,hxul35558,Toyota,Tundra,kjx-74-17,2006,209525
212,4A31K3DT3AE089634,ujgc46600,GMC,Yukon Denali,uui-78-79,2000,419577
213,1YVHZ8BAXA5197402,oeam22481,Pontiac,Vibe,kus-59-50,2007,477406
214,3D73M4CL1BG424600,ipbz20969,Lamborghini,Gallardo,wyv-94-17,2003,714723
215,JTHBE1BL9E5240549,pqph84469,Nissan,Frontier,muc-53-14,2000,17970
216,WBAGL63464D026511,gtzo78754,BMW,X3,syc-61-57,2009,977562
217,JHMZF1D4XES525621,ynrc15189,Toyota,Avalon,yii-08-98,1995,111278
218,1G6DS8ED1B0133443,rohn45307,Kia,Forte,vyg-54-29,2010,676915
219,3FADP0L30AR275913,mnan92146,Aston Martin,V12 Vantage,bhv-11-13,2011,631076
220,5N1AT2MK7FC374532,njnm61985,BMW,3 Series,mbf-50-46,2001,811221
221,1GTN1TEXXCZ595871,oson86962,Toyota,Tacoma Xtra,ptc-74-11,1998,56225
222,JM1NC2MF7E0702766,lknj79832,Land Rover,Range Rover,ejv-76-99,2002,507684
223,1FTEW1CW1AF473234,cllj60407,Mercury,Tracer,sfw-05-94,1995,717090
224,1J4AA2D16AL465411,ykda75996,Suzuki,Daewoo Magnus,dol-43-21,2005,291530
225,WAUSH78E66A086215,pgjd54418,Kia,Sportage,wqq-20-21,2009,248498
226,WBA3B5G55EN582562,rubw49436,Volvo,V70,mjr-23-45,2007,194181
227,WBAEP33432P734222,qnzy73098,Chevrolet,G-Series 1500,dvi-22-71,1997,159284
228,WAUEF78E98A023888,mequ45790,GMC,Sierra 1500,ask-21-47,2003,785828
229,WAUGL98E48A555336,oxro47023,Mercury,Grand Marquis,ver-49-51,1999,993090
230,WA1DMAFP9EA861138,wllo63854,Ferrari,612 Scaglietti,vso-15-07,2007,997679
231,3N1AB7AP0FL302132,mync74247,Ford,Thunderbird,xhk-05-41,1995,467787
232,WVGAV7AX6AW651959,onpe78602,Suzuki,Sidekick,bxs-00-85,1990,117589
233,1N6AF0LY0FN169478,wtnh11246,GMC,Yukon,okl-24-44,2002,29417
234,WBAUN7C55DV639399,trny70110,Scion,xB,paa-68-49,2012,255493
235,1FBAX2CMXFK162968,gspa13937,Infiniti,G,tzx-65-62,2002,238998
236,SCBFT7ZA7DC540362,acja87042,Toyota,Tundra,vma-11-61,2005,151395
237,JA32X8HW9AU141654,bpbl22984,GMC,Sierra,qqg-42-03,2008,176177
238,WBADN53413G510543,xjpo27278,Ford,Mustang,qvj-79-56,1970,650936
239,WAUKF98E65A335161,rnfp02226,Saab,9000,jga-46-57,1987,86644
240,3D7TT2CT4BG660049,dxuc66012,Subaru,Forester,mhi-84-05,2009,855139
241,2T2BK1BA7EC176194,lvqg64866,Geo,Storm,bgj-52-32,1992,759858
242,1G6DM8EGXA0024465,pkpa44276,Toyota,Prius v,qov-03-73,2012,195037
243,WAUUFAFH0BN771130,ekqt37925,Jeep,Commander,ptw-84-93,2010,998411
244,1G6DJ1E39D0818732,jaef86816,Studebaker,Avanti,kfm-93-15,1962,717703
245,4T1BD1EB8DU184076,azka48507,Volkswagen,Type 2,nsr-97-90,1989,337105
246,1D7RB1GP1BS498233,coyj38189,Volvo,S40,dec-16-52,2011,115842
247,1G4PT5SV2D4375040,rzti44525,Audi,A3,qqe-89-74,2011,472040
248,WBAUN1C50BV456034,kziy69448,Audi,TT,wpk-89-23,2000,613712
249,WAULF98K19N871668,rzwh31408,Honda,Element,dgw-17-39,2008,890863
250,1GD12YEGXFF647767,ywop69165,Chevrolet,1500,dqf-27-15,1993,973655
251,1GTN1UEH7FZ038693,fvup95156,Chrysler,300,lxa-88-45,2007,560159
252,WAUMF78K49N658934,qjfg42511,Chevrolet,Express,xjc-78-97,2011,35979
253,WVGAV7AX6CW666688,iwbj90503,Chrysler,LHS,svu-43-43,1995,155963
254,WUALNAFG6EN326259,rpqv08732,Mitsubishi,Truck,mtb-52-60,1987,390590
255,1FMEU8DE4AU235163,ypea14365,Hyundai,Santa Fe,qnm-56-26,2002,409702
256,WBASP4C52CC304482,mfnw45189,MINI,Cooper,sub-14-65,2010,392421
257,5J8TB18299A844064,deym13839,Dodge,Viper,mls-42-49,1992,500792
258,1GTN1TEH7FZ021127,uecj33263,Chevrolet,2500,qzu-76-36,2000,446884
259,3N1BC1AP9BL711061,qkcg88614,Saab,9-7X,cpg-96-26,2008,963541
260,3VWJX7AJ8AM070776,rszw08672,Volkswagen,Corrado,gnh-55-90,1991,902666
261,1G6DJ8EY9B0415285,pxin86961,Toyota,4Runner,nnv-04-39,2003,228675
262,KMHHT6KJ6FU994900,yadb33872,Geo,Metro,pox-39-19,1995,623639
263,1GYS4GKJ1FR074909,ewoe64977,Mercury,Grand Marquis,lrh-86-32,1986,389277
264,WBAKE3C57DE705175,yyqt90277,Infiniti,FX,dlo-53-23,2004,397641
265,WBA3C3C58EF848318,ibmy62479,Honda,Accord,qrn-96-58,1989,702122
266,1GYS4JEF5DR135275,unop18073,Plymouth,Grand Voyager,oop-56-13,1996,12580
267,19XFB2F29CE593233,pynb19345,Hyundai,Tiburon,dye-54-89,2004,528295
268,WBABS33463J326514,rnwd21405,Dodge,Stratus,xwi-49-75,2005,764612
269,WAULT58E64A165355,yfly79152,Nissan,NV1500,kuj-49-69,2012,960362
270,SCFAB423X2K661184,gchu46254,Audi,RS 4,cgz-17-95,2008,645735
271,1GD020CG3BF532356,fylm40743,Suzuki,Forenza,grx-85-64,2007,715339
272,1C4AJWAG7FL399271,njfa60024,Audi,A6,hhk-09-94,2004,75610
273,SCBFT7ZA8EC511938,kglc57048,Dodge,Stratus,erg-20-10,1995,76236
274,WAUWFAFR6CA515889,ytlx20684,Lincoln,Navigator,htf-16-38,2009,895625
275,3C3CFFFH0CT579546,ewzh46220,Mazda,MPV,rvn-83-34,2006,684201
276,3G5DA03L37S235541,ixru65036,Toyota,4Runner,yju-74-83,1999,797331
277,WBAWV13589P666243,notu03318,Isuzu,Trooper,nrv-02-47,1992,630375
278,WBALW7C56CC682068,hecz42938,Mercedes-Benz,Sprinter 3500,xdh-65-48,2012,129406
279,WAUAF98EX7A651595,eaha97092,Ford,Mustang,jgw-92-35,1964,741417
280,1G4HF57998U544337,upgj97935,Ford,F150,prn-24-79,1998,771771
281,TRUTC28NX11627399,cbcl25034,Ford,F150,yed-96-21,1995,79772
282,NM0KS7AN7AT149394,ewlw07621,Chevrolet,Avalanche 1500,weh-89-55,2005,118274
283,WDDPK4HA2DF087065,yjyb40981,GMC,Savana 3500,nrr-54-97,1998,281435
284,YV1672MK0C2941495,ntze65813,BMW,Z8,tsg-79-55,2003,882729
285,3D7TT2CT9BG031001,npsf69164,Chevrolet,Silverado,ote-49-13,2007,644795
286,WAUDF68E15A390155,edfm78034,Pontiac,Bonneville,kae-43-69,1995,850490
287,1G6DP577770507018,vbde09264,Ford,Mustang,pbm-11-16,2004,356605
288,WAUBFAFL9FN553656,luqn80088,Porsche,914,tcj-34-48,1970,494318
289,3G5DB03E73S587319,sbup48179,Scion,tC,ttq-72-29,2005,405505
290,WVWED7AJ5CW805942,fxyn09104,Mitsubishi,Raider,trx-55-02,2008,203525
291,3D73M4CL6BG943867,dbie12884,Buick,Century,ajf-69-24,1992,347328
292,1G6DS57VX80634618,zheg89882,Mercedes-Benz,C-Class,azu-87-38,1993,673081
293,1G6DE8EY7B0043918,ymak77686,Jaguar,XK Series,iev-11-75,2003,226877
294,3D73Y4HLXAG918093,sbsk11269,Maybach,57,ekk-92-66,2008,157588
295,1FTFW1E80AF324154,gcez35495,Subaru,Outback,zqq-11-04,2011,532064
296,JTEBU5JR2C5764409,lomw67065,Mitsubishi,Galant,hqo-98-28,1986,342510
297,2T1BURHE9FC428701,atmr69088,Dodge,Ram 2500,cms-47-98,2008,20361
298,2G61P5S3XE9868947,zyih34335,Lotus,Exige,sle-98-82,2005,239400
299,SCFAB22351K932462,mscp53458,Lexus,IS-F,svp-97-69,2011,609361
300,137ZA83311E777870,jyae47120,Buick,Century,hiz-34-70,1994,578943
301,WA1WKAFP9BA574179,qdgt63282,GMC,2500,upe-76-41,1996,11391
302,1FTWW3B52AE497217,piph16987,BMW,7 Series,vmg-37-64,2000,776598
303,WBAUC9C5XDV522807,ivhd02567,Chevrolet,Malibu,tqm-91-18,1998,243956
304,ZHWGU6BZ6CL571567,tqez34730,Audi,A3,sxy-35-44,2012,933551
305,WBXPC93487W417143,cxrd99967,GMC,Yukon XL 1500,fhh-21-00,2011,41885
306,5TDBY5G18DS492129,ihxp83544,Mercury,Grand Marquis,xoj-15-45,1990,558453
307,WAUVT68E42A128719,fueb56138,Jaguar,S-Type,frt-65-06,2008,715022
308,WDDHF5KB6EA821186,vthy23424,GMC,Sierra 3500HD,jlj-58-72,2006,203878
309,SCBLE37GX5C642575,ywye86447,Nissan,Altima,aoc-99-94,2001,564291
310,JTDZN3EU7EJ774396,khbx79280,Audi,A8,vaw-19-17,2010,131388
311,WAUFFBFL6CN170096,ztlp47482,GMC,Rally Wagon G3500,rrm-96-80,1995,192691
312,3N6CM0KN0EK537023,bozb70125,Mercedes-Benz,CL-Class,vri-49-36,2001,295720
313,KNAFU6A29D5618473,araf97434,Mercury,Mountaineer,cjr-36-63,1999,330435
314,WAUEG98E26A113339,zpcc38808,Porsche,Boxster,itn-55-22,2009,576516
315,WVGAV7AXXBW721609,kywd09279,Subaru,Impreza,snn-63-46,1997,740041
316,1GYS3DEF7ER831268,grln85331,Chevrolet,Cavalier,smb-08-00,2001,755473
317,JH4KB16638C995029,tbih49724,Volkswagen,Jetta,frf-98-26,2000,776202
318,3GYFNCEY8AS691679,qxzt25644,Chevrolet,Avalanche 1500,rzn-40-94,2006,684435
319,1G6DJ8E31C0874462,weya05486,Lincoln,Continental,uiz-92-36,1987,790342
320,3D4PH9FG6BT739964,ueed25466,Chevrolet,Silverado,fcd-62-99,2002,37899
321,WAUDH78E78A905504,edxt29306,Chevrolet,Silverado Hybrid,gto-68-07,2006,744816
322,WAUDT48H05K256268,wagg27650,Chevrolet,Corsica,ugl-39-86,1994,749965
323,WAU3FAFR4CA151958,frze59678,Dodge,Dakota Club,slj-97-99,2002,681969
324,4JGDA0EB6FA237308,frnh44660,Lexus,GS,cbo-93-52,1995,537243
325,JM1DE1HY7B0092651,zsge74715,Volkswagen,New Beetle,tpv-57-17,2002,730126
326,WA1CGAFE8ED371631,skfd75372,Mitsubishi,Chariot,phl-99-25,1994,300419
327,JTHFE2C29C2416124,maon81368,Ford,LTD,pdn-96-62,1984,495137
328,JN1CV6AP5CM991953,heww62929,Mitsubishi,Endeavor,hvh-32-45,2006,909810
329,3VWPG3AG6AM823745,cgnw98733,Dodge,Caravan,oej-92-03,2007,563286
330,SCBFU7ZA9FC701875,pnhg98513,Toyota,Corolla,igz-46-79,1994,134168
331,WAUEFAFL4BN235533,qhih22091,Acura,Vigor,vng-71-00,1994,110879
332,1VWAS7A30FC041247,levq67629,BMW,X6,pni-12-13,2011,804360
333,WBAFR7C57CC546956,zfzq52741,Toyota,RAV4,zjx-01-37,2002,813239
334,1D7RW2BK7BS634256,tepe17658,Buick,Riviera,mlh-47-86,1997,131387
335,3C6LD4BT4CG266953,xkcf07426,Nissan,Maxima,ibg-26-38,2006,414213
336,3GYFNFE30CS599541,jxfp59691,BMW,6 Series,uxo-35-73,2010,738392
337,WAUDFAFL8BN402939,asub97279,Buick,Electra,zoe-85-67,1987,399031
338,WAUVFAFH7BN686192,peqy89570,Dodge,D250 Club,hbx-63-28,1992,214596
339,WBA3C1G58EN595649,uhxp78436,Toyota,Corolla,qqj-58-36,2002,3137
340,2B3CK5CT9AH426293,xxiu32685,Ford,Bronco,bly-40-68,1995,448410
341,WBAGN63492D513077,yzkn66386,Toyota,T100 Xtra,cqi-48-99,1997,870553
342,YV1982BW7A1323884,vmyt34933,Nissan,300ZX,yeq-95-44,1992,245975
343,1HGCR6F35EA798778,laxr97664,Buick,Riviera,peq-04-24,1998,589807
344,1GYS4KEF4ER291668,mijk60866,Chevrolet,Express 2500,hde-67-94,2010,64168
345,1GKS1EEF2DR455177,jcot81842,Toyota,MR2,ydv-57-87,1986,455533
346,WDDEJ7EB9CA525732,tnrc42779,Cadillac,Escalade,bwc-24-72,2012,267895
347,WVWED7AJ8AW597004,qcan05285,Saab,09-May,coz-15-34,2009,221996
348,JTEBU4BF9DK999309,logr97957,Maserati,Gran Sport,kzx-20-75,2006,815774
349,WAUMV94E08N211028,olhd45372,Scion,FR-S,sek-12-16,2013,508856
350,WA1YL54B45N220930,anal70296,Toyota,MR2,xyh-53-92,1987,671317
351,WAUKH78E57A581961,mpvw94879,Cadillac,Escalade,ygt-87-08,2004,828155
352,WBA3G7C50EF959893,rwlp20253,Kia,Spectra,sze-20-47,2007,168030
353,WAUBVAFA2AN995074,znef51594,Lotus,Exige,fny-24-29,2011,706417
354,5FRYD4H6XGB939111,eznj18588,Bentley,Mulsanne,zjx-49-06,2011,431927
355,3GYFNAEY9BS180603,skme11754,Audi,S8,tjf-65-12,2006,664543
356,1YVHZ8BH8A5888795,eapn69381,Mitsubishi,Challenger,big-30-28,2001,453673
357,WBAGN635X5D151595,zxll10186,MG,MGB,eht-40-64,1977,570445
358,WAUDF78E27A127309,bpbp64914,Ford,Windstar,vjn-07-61,2000,617177
359,1LNHL9DK6FG494063,dwal19508,Chevrolet,Prizm,qkd-60-78,2000,455162
360,WBAEU33413P463011,guoe87868,Mitsubishi,Mirage,kqk-09-60,2001,64477
361,WBAKE3C52DE284627,usmu12184,Ram,1500,obj-94-51,2012,88117
362,WBAWV13529P834815,bbim96904,Nissan,Quest,qty-79-13,2009,810774
363,1FTEX1CM0DK142751,rtuc77775,Lamborghini,Diablo,udq-25-40,1996,195517
364,1G6DM5EY2B0401542,qkoh87482,Toyota,MR2,ucx-78-84,1993,507507
365,5FNRL5H2XCB293221,ylut00265,Chevrolet,Suburban 2500,qrs-89-98,2011,52633
366,1G4GA5GC7BF034621,fsas93540,Cadillac,STS-V,oeh-80-09,2008,354761
367,1N6AF0KX9EN200587,drhf86257,Infiniti,G35,xoo-78-99,2006,24210
368,JTDKN3DU8A0608729,fipj37944,Dodge,Caravan,bnr-92-40,1985,718614
369,JTHBF1D2XF5062220,hpdl94985,Bentley,Continental Flying Spur,sjj-35-02,2010,553287
370,3D4PG9FV7AT174396,cbes76301,Bentley,Azure,uuv-09-16,2008,64293
371,1GYS3JKJ2FR733001,jyfl30385,Nissan,Frontier,jwp-48-26,2002,166266
372,WBSKG9C53DJ391105,zgve34964,GMC,Envoy,hww-96-37,2004,267554
373,WAUBF78E48A232748,cfqk20824,BMW,M5,ksi-21-08,1992,766676
374,2FMHK6DCXAB463292,mrde44284,Mitsubishi,Outlander,xvx-94-62,2012,465223
375,2G4GU5GV9C9845694,icpt62744,Ford,Aerostar,sxm-99-94,1993,73925
376,JTDKN3DU8A0397337,wlgk56395,Ford,Expedition EL,ufv-44-88,2007,537904
377,WBANA53525B566399,otuk75280,Chevrolet,Corvette,rny-52-01,2009,868047
378,WDDUG7GB3FA985545,jbms66606,Buick,Estate,mee-86-27,1990,941832
379,3GYFNFEY7BS491539,ucxm94322,Chevrolet,Metro,nyc-92-48,2000,886170
380,1C3CDFEBXFD178535,znwm41559,Lexus,LX,yhj-85-71,2006,758567
381,1GYS3AEFXBR664060,mllz53226,Lotus,Esprit,gks-94-19,1995,966820
382,1G6DA1ED4B0803383,iyma52356,Mazda,MX-3,dkh-18-86,1993,816328
383,WA1YD54B42N364681,mfmj29267,Ram,2500,aue-97-84,2011,903249
384,WBABS53401J735794,yedm63930,GMC,Yukon,usc-92-52,2010,460250
385,SCBLC31EX1C901749,spom14032,Ford,F350,pfl-12-82,2005,308286
386,1GYS3CKJXFR616097,wzfu61144,Cadillac,Escalade ESV,dst-13-27,2009,247692
387,1C3BCBGG2DN390580,rknc55749,Saab,09-Mar,ujb-14-37,2010,887142
388,KMHD35LH9FU093668,qrvk98015,Porsche,Cayman,lht-74-45,2009,289559
389,2G61M5S39E9569135,yldi97058,Pontiac,Bonneville,ton-68-77,1987,700004
390,KMHFG4JG9CA074360,jzts31049,Nissan,Sentra,diq-17-62,2005,525386
391,1FMJK1F52AE830791,euzz39595,GMC,Savana 3500,uep-13-47,1998,354436
392,1FA6P0H77F5750083,ixst00037,Oldsmobile,Silhouette,xvk-18-45,1999,446983
393,5GADT13S152193316,vwju23816,Mitsubishi,Mighty Max,guw-54-80,1993,616698
394,WBANE73596C881597,ywcz64753,BMW,Z4,gog-84-80,2003,638937
395,5J8TB3H30GL520605,rxir07989,Infiniti,G,pip-38-82,1995,890799
396,WAUSG78E36A499616,thkz39138,Mazda,B-Series Plus,dzq-29-20,1996,848413
397,WAULD54B24N717984,gzvx58372,Cadillac,Seville,uiy-65-60,1993,24302
398,2T1KU4EE9BC696388,dkop00066,Dodge,Journey,hdz-82-69,2009,443723
399,WAUFGAFB0AN398834,udur11354,Rambler,Classic,rdq-50-14,1963,846801
400,WAUAF48HX9K756454,anqy25308,Ford,Thunderbird,ygo-58-81,1994,290010
401,1G4GJ5G31CF266083,azpo16873,Cadillac,CTS,cvz-12-85,2010,617495
402,1ZVBP8AM4C5944411,oeaa81297,Ford,E150,eou-12-05,2009,33863
403,JM1DE1KY7C0159629,trtc16406,Buick,LeSabre,zvz-08-59,1989,402841
404,WAUDL74F15N911073,umyy30594,Hyundai,Accent,krn-53-88,2008,675737
405,WAUJGAFD4FN552027,goyp07702,Ford,LTD Crown Victoria,wxr-80-39,1986,800092
406,1N6BF0KL2FN191332,pmty46054,Maserati,Quattroporte,oiz-93-76,1986,429702
407,WAULFAFR2EA381355,pxvv67050,Suzuki,Swift,opn-81-27,1993,884009
408,WAUSF78K79A402835,sgid95768,Pontiac,Grand Am,xuw-31-83,1997,582593
409,TRUWT28N711843756,mxro24876,Ford,F350,ynj-20-28,1992,143378
410,WBADX1C54CE606741,qacd88572,Mazda,Mazda5,dmh-44-50,2012,203924
411,WAUGU44D72N408361,ooik97432,Nissan,Xterra,air-66-54,2011,958201
412,JH4CU2F68AC202737,ojbb63769,Porsche,911,arc-53-40,2006,62696
413,WBAKB4C5XCC860716,ghic09207,Mercedes-Benz,SL-Class,hbn-04-04,1994,275806
414,JN8AZ2NC4B9107791,dkto77539,Chevrolet,Express 3500,pmc-40-05,1999,644567
415,JH4CU2F63EC973855,dwvl13409,Chevrolet,Corvette,eol-03-32,1997,660234
416,5N1AR1NB5AC557413,sbsc32872,GMC,Yukon XL 1500,yjq-56-90,2009,635164
417,3VWJX7AJ7AM245230,vzpe58304,Nissan,Xterra,wth-96-51,2004,991448
418,5TFBW5F16CX066522,jkii28835,Subaru,Legacy,afd-68-57,2001,223879
419,TRUWX28N211497281,axxs26274,Ford,E250,zxt-88-89,2004,716003
420,JTHBE1BL8F1855098,csmk26413,Chevrolet,Caprice Classic,bqi-87-31,1993,394995
421,3N1AB6AP5AL248538,rvks68793,Subaru,Legacy,xdi-52-24,2010,795899
422,5GAER237X8J637632,hevv79096,Porsche,Boxster,wjb-51-85,2000,302005
423,JM1NC2NF4E0192116,oiwo30070,Chevrolet,TrailBlazer,utv-57-84,2009,742640
424,3N1AB6AP9BL653898,ouzr21929,Porsche,911,imj-76-91,2005,233493
425,WBA3B1C52EF033264,zzlu78185,Dodge,Aries,rcv-76-10,1981,111117
426,1G6YV36A175031053,jxrq85762,Suzuki,Vitara,ami-50-66,2003,803490
427,1C6RD7GP6CS833891,eftl81198,Pontiac,Montana,xbp-25-86,2005,677852
428,JTDZN3EU4FJ408980,osht22771,Dodge,Ram Van 3500,ptz-31-03,1996,461041
429,WAUEF98E97A665716,irou33416,Kia,Sportage,fkg-21-76,2006,805874
430,JTHBE1BL6FA788436,yvop63061,Volkswagen,Jetta,mtm-25-00,1996,407920
431,YV1672MKXD2978250,aisu76410,Ford,Mustang,bia-02-58,2002,958590
432,1G6DJ577390137531,pfdk47676,Chevrolet,Tracker,whe-86-01,2002,376453
433,2G4GT5GC7B9845029,vqwb01928,Buick,Skylark,ley-41-99,1988,67254
434,WAUEF48HX8K311566,nsad34197,MINI,Clubman,bec-19-17,2011,669546
435,3D7JV1EPXAG338204,xapg09386,Mitsubishi,Tredia,aau-23-25,1987,267291
436,1G4CU541144882842,wpdv22321,Ford,E250,pkw-45-56,1984,498641
437,19XFB2F53DE463041,bltp86012,Chevrolet,Suburban 2500,flo-01-32,1993,286774
438,2G4WN58C381129336,btml36633,Infiniti,G,rgc-46-55,2007,382341
439,4JGBF2FEXCA908049,asrr83627,Chevrolet,Silverado 1500,dgq-75-52,2004,749417
440,W04GZ5GV4B1703904,vwao47752,Buick,Roadmaster,dlv-87-80,1995,111666
441,4USBU53598L631223,aqqb93490,Lincoln,MKX,zax-85-00,2010,983826
442,1YVHZ8BH1C5250116,xdqs61135,GMC,Jimmy,vzy-85-73,1993,374269
443,WBADW7C54BE302295,zmgz55722,Hyundai,Accent,qwd-25-63,2001,854199
444,2G4G05GV6B9223922,zoch13168,Toyota,RAV4,ghj-67-98,2012,751683
445,1N4AL2AP6AN991945,revf86064,Honda,CR-V,eia-64-50,2003,92747
446,1G6AY5S34E0844389,iuqv18289,BMW,7 Series,lol-15-23,2010,350972
447,WAUHE78P09A107794,byka62934,GMC,Suburban 2500,yzg-92-81,1996,635033
448,3VW4T7AT1EM665484,ogmx95134,Mazda,RX-7,pqx-89-01,1990,853943
449,1FBAX2CM7FK714636,remo26779,Acura,Integra,ueg-69-58,1995,477964
450,1G6KD57996U832049,tbud87895,Volvo,C70,xcj-75-21,2008,348098
451,3D73Y3CL0AG815136,xkyy46789,Audi,Cabriolet,nus-16-68,1994,697545
452,WAUHF78P06A955473,dznp99793,Ford,E350,zqg-71-77,2011,663702
453,WAUCFAFR1CA658414,hgfj27371,Bentley,Continental GTC,vzi-53-93,2010,62249
454,1G6DJ577090754689,yhiu63143,GMC,Yukon XL 2500,qis-45-10,2003,389843
455,TRUSC28N631757727,aujs13512,Mazda,MX-6,dxk-17-33,1993,784536
456,1G6DE8E56C0329556,soha74921,Jeep,Grand Cherokee,irv-44-96,2005,683129
457,3MZBM1U72EM743285,gtve24403,Chevrolet,Aveo,kgg-52-72,2004,879588
458,1G6DV1EP0D0029862,oiml89918,Audi,S6,csq-21-88,1995,621458
459,1GKS1CE01ER340166,bfaf18605,Infiniti,G35,bzu-12-70,2004,856728
460,2G61T5S39D9908221,xrud57034,Isuzu,Impulse,dxo-88-11,1992,204892
461,2C3CDYCJXCH962282,jdom22954,Acura,NSX,amh-56-80,1992,586001
462,3D4PH9FG2BT863214,powr28445,Kia,Optima,wtr-13-07,2006,539279
463,WBAET37462N251681,ssky95339,Ford,Thunderbird,bgb-68-63,1993,488208
464,3N1CN7AP0EL724321,wslj34158,Suzuki,SJ,xfo-75-71,1993,548450
465,JA32U2FU1DU366582,lwfo46241,Mercury,Mariner,nax-29-29,2010,597847
466,WBAWB7C55AP925206,vjmf24787,Land Rover,Range Rover,yev-65-64,1995,616089
467,5TDBCRFH2FS793566,ouwo70391,Ford,F-Series,cnf-20-80,2009,56403
468,2HNYD2H23DH097795,gvfb63752,Mitsubishi,Montero Sport,gve-91-18,2000,890241
469,WBADT33441G004678,exdh44050,Dodge,Intrepid,pqy-61-53,2001,278595
470,3C4PDDDG9FT905379,pzzs66193,Cadillac,Allante,iai-76-56,1992,437379
471,5NPDH4AE4FH138177,hkko89373,Foose,Hemisfear,cgg-12-79,2007,385989
472,TRUWT28N231520606,iprs33438,Honda,Accord,ozv-04-55,2006,948503
473,JN1AZ4EH8FM973521,mkui58414,Honda,Passport,cif-33-69,2001,963110
474,1N6AD0CU2BC657095,mbbv10522,Nissan,NV3500,pve-35-45,2012,266210
475,1N6AA0EC8DN864627,najj93238,Mitsubishi,L300,nil-61-27,1988,341600
476,3C6TD4CT0CG536534,dukr63239,Mercury,Topaz,eez-83-63,1986,650458
477,WBA3A9C5XEF847230,wqkb52323,GMC,3500 Club Coupe,lqa-02-56,1996,273797
478,WAUDF78EX5A383548,tsqf91565,Nissan,Frontier,rrw-80-29,2006,310636
479,3GYFNEEY9AS612094,skgo39616,Mercury,Marauder,qsx-35-09,2004,695149
480,1GD02XEG7FZ034283,rmxr00775,Ford,E-Series,blu-15-74,2001,54977
481,5N1AR2MM2DC696850,khln93731,Hyundai,XG350,puk-09-24,2005,905070
482,4T1BF1FK8EU553710,flet14135,Nissan,Frontier,byb-16-89,2002,323485
483,1G6DG5EG6A0245521,zott88853,MINI,Cooper,htm-52-03,2006,722072
484,4T1BF1FKXCU850992,ubki71435,Nissan,Pathfinder,yfg-08-80,2011,434438
485,JN1AZ4EH2FM749578,rjaa42682,Lamborghini,Diablo,cnm-45-34,2001,30301
486,1G6KP5ES8BU571018,fmak84610,Mazda,Mazda6,sez-86-13,2007,521949
487,JN8CS1MUXFM405315,tlze26996,Mercury,Grand Marquis,dke-31-15,1998,259478
488,1D7RE3GK6AS453942,gfli44165,Chevrolet,Cobalt,hlr-09-18,2008,820509
489,2G4WC532951535055,qnvz13691,Chevrolet,Cavalier,cvh-26-78,1998,583071
490,1GT01ZCGXEF236069,pmiq15044,Mercedes-Benz,SL65 AMG,pih-01-71,2006,315182
491,JTJHY7AX5A4653754,tlrn89073,Audi,TT,sjk-28-80,2002,144906
492,5UXWX7C55CL160656,oelg08070,Saturn,VUE,bqg-73-75,2007,333460
493,ZHWGU5BR5EL725330,ywjr78905,Ferrari,F430,crw-49-13,2007,654220
494,1FTMF1CW8AK138894,ucrm22797,Dodge,Dakota Club,uaf-23-42,1994,433069
495,5TFBW5F1XDX375279,ygze54268,Toyota,Camry,fpt-01-57,2012,479646
496,1D7CW5GKXAS535994,yibl25676,Nissan,Maxima,jjk-79-77,1996,371641
497,YV4952CT6E1395228,oula99563,Toyota,Tundra,vlg-60-67,2009,714217
498,WAUVT64B72N914356,qtwn29629,Mitsubishi,Montero Sport,ccr-70-45,2000,263906
499,5N1BA0NC7FN652551,dtwf69450,Land Rover,Range Rover,iwz-83-57,1996,203910
500,YV126MFJ2F1876029,tsvd68864,Oldsmobile,Silhouette,gep-28-91,2004,410339
501,WBAVS13538F494647,udsx53225,Lexus,ES,qet-49-14,1990,933020
502,WBAPN7C54AA928130,bneh40445,Aston Martin,V8 Vantage,ait-19-31,2007,147755
503,5N1AA0NC0FN150735,uiwf38983,Dodge,Avenger,bbr-55-59,2010,448705
504,5J8TB3H32EL031779,gxkb02814,BMW,M5,kjj-98-63,2002,918108
505,WBAUN13528V825565,ewcp64393,Audi,RS4,rce-80-30,2008,260826
506,1HGCP2F3XAA261316,unlr22359,Mercedes-Benz,E-Class,bwc-83-03,1991,326603
507,JA32X8HW2CU574686,khea40524,Nissan,350Z,vmc-99-82,2009,786615
508,WBA3B5C50DF229130,rjpn71270,Mercedes-Benz,CLK-Class,fhl-02-08,2001,646355
509,WDDGF4HB1DF505578,cpuk73701,Ford,Escort,tks-08-65,1988,612523
510,1G6DH8E52D0574864,oywi37742,Toyota,Prius Plug-in Hybrid,swo-30-44,2012,871002
511,3VW1K7AJ7FM644595,kkcd57044,Chevrolet,Silverado Hybrid,eve-18-32,2006,40453
512,WAUEF78E78A645812,pwox88254,Volkswagen,Jetta,hxr-10-26,2003,324494
513,WBAPM5C54BA089654,igew65130,Mazda,323,meu-26-50,1995,870470
514,WA1CFAFP1EA531418,lupn05127,Saab,09-May,zrb-35-31,2008,110138
515,1G4CU541954250527,vxub51355,GMC,Suburban 1500,xfj-47-53,1992,878766
516,WP0AB2A96FS350740,afmx58001,Kia,Carens,nqx-86-18,2009,744510
517,WAUGF98K39A178772,bnbu80798,Toyota,Tercel,ekq-57-32,1997,309691
518,1N6AA0CJXDN869670,qpot92295,Jeep,Wrangler,glo-32-97,2008,55287
519,SCBCR63W05C009098,deoc99782,Mitsubishi,Pajero,rsx-17-78,2002,882100
520,WAUEH74FX6N476867,lamx42417,Mercedes-Benz,W126,dly-22-27,1983,762812
521,1N6AA0EC5EN977503,wzqy48270,Suzuki,Sidekick,atj-79-56,1992,59266
522,WVWGD7AJ9EW036759,ihuc33675,Pontiac,Sunfire,gdx-23-32,1995,565996
523,3D73Y4CL4BG979061,njyz38725,BMW,M3,qgl-64-55,2005,696827
524,WDDHF8JB9DA143941,badu23171,Infiniti,I,jwj-30-63,2002,313379
525,1N4AL2AP9AN068598,zljg69189,Chevrolet,TrailBlazer,yqi-50-29,2007,900525
526,JTHFE2C28D2831632,tyoc68156,Ford,Mustang,oql-72-94,1967,906462
527,5J8TB2H54CA938361,jcxd66162,Mercury,Mystique,xjy-30-60,1998,863377
528,WAUVC68EX5A394508,qymm62618,Dodge,Ram Van 3500,pmv-08-69,1998,336227
529,WBAWB3C50AP300589,dvty05068,Pontiac,Chevette,xgn-35-41,1987,541409
530,1GYS4UKJ7FR935010,ngkw57159,Hummer,H2 SUV,hec-76-23,2006,47281
531,WVWGU7AN1AE318574,shja54141,Suzuki,Sidekick,equ-38-92,1998,994139
532,19UUA656X6A854190,vljq08231,Infiniti,QX,xgq-12-77,2004,82872
533,1G6KD54Y01U520822,qtfw00942,Chevrolet,Traverse,usm-41-69,2010,553099
534,WAUEH98E97A183404,rjdz59839,Mazda,RX-8,cpn-54-18,2007,871632
535,WA1VMBFE7BD216829,twea88882,BMW,525,qtv-58-92,2005,920036
536,WBSDX9C55DJ821628,nmsd62510,Hyundai,Veracruz,mmg-31-10,2009,315190
537,JM1NC2MF1D0913671,dbxi48133,Volkswagen,Golf,tdv-27-42,1989,128268
538,WAUSH98E96A251511,rvxi09747,Ford,Mustang,nxf-73-15,1988,224833
539,19UYA42663A856153,gelq07661,Subaru,SVX,fkq-81-85,1995,691686
540,WBANE53597B549672,slxs14109,Lincoln,Continental,fxd-61-48,2002,279369
541,1C4RDJEG5CC276619,qlxf97660,GMC,3500,lmp-41-06,1997,685800
542,WBAYA8C59ED418513,nctu05666,Honda,CR-V,axd-25-02,2009,465412
543,4A31K2DF3AE992631,bago53241,Lexus,GS,kqg-61-89,1998,157756
544,WBALM7C56CE774856,ucgc16535,Jeep,Cherokee,ubg-89-46,1995,955417
545,WBAYB6C55FG038246,wqam26251,Nissan,Rogue,ekm-61-63,2010,111382
546,1GYS4KEF5DR613040,ghkw88057,Dodge,Caravan,stw-87-04,2004,745159
547,JH4DC53083S333362,bjet62243,Chevrolet,Cavalier,qfb-03-29,2004,197167
548,KNAFK4A60F5564626,heye03028,Nissan,Sentra,wnv-18-50,2008,732250
549,19UYA41723A088973,rjnm11595,BMW,3 Series,xoi-88-58,2007,214536
550,SCFAB01A57G400368,euzy73760,Mazda,Mazda6,gka-99-16,2012,867226
551,1G6DU6EA4A0189783,iosu92713,Volkswagen,Passat,qyu-28-27,1994,297332
552,JN1CV6EKXDM302425,xhte84185,Mitsubishi,Truck,uhu-28-79,1986,712202
553,SCBFR7ZA2DC093227,hxrc25504,Rolls-Royce,Ghost,eqr-83-60,2011,167098
554,WAUBC48H35K211753,fldv53484,Nissan,Murano,cmr-71-02,2009,357884
555,2D4RN5DGXBR716560,reez75962,Kia,Rio,rgh-66-67,2012,992916
556,2HNYB1H44CH584634,eakz99471,BMW,750,zht-53-65,2006,329167
557,JN8AZ2KR3DT537777,dviy28103,Chevrolet,Lumina,iul-22-12,1994,684696
558,JN1AZ4EH8DM851772,pvqh45122,Audi,A6,qew-15-20,2005,843546
559,3GTU2YEJ8DG812451,oyqn48388,Toyota,Celica,aha-57-05,1993,485108
560,5N1AR1NB6AC544167,lgql27550,Suzuki,Aerio,xpk-88-84,2006,182900
561,3D73Y4HL8AG009530,epwm22074,Mercury,Milan,siw-51-83,2010,774579
562,JH4KB16618C858459,fbxi57051,Toyota,Supra,qbi-85-83,1994,195803
563,WBAYE8C53FD368259,aetr59169,Buick,LeSabre,acy-59-36,1992,531249
564,JH4CU25679C369717,dxvf99961,Dodge,Ram Van B350,cda-66-74,1992,909486
565,1D7RV1GT6AS040304,kinz84264,Mercury,Mountaineer,awx-38-90,2009,73402
566,WAUWFAFR9BA603690,cnsb91175,Kia,Borrego,wsb-05-93,2009,641112
567,5N1AR2MM1DC813463,mdwf97296,Mitsubishi,Cordia,gdx-79-77,1986,319788
568,WA1LGAFE1DD447284,ivnz88964,Hyundai,Entourage,lyw-71-83,2009,201413
569,1G6DA8E58D0566417,mlwh68768,Ford,E-Series,kom-51-83,1994,564662
570,5UXFA53553L371815,cnvk50978,GMC,Sierra 2500,uui-03-61,2005,253932
571,JN1AZ4FH0FM881639,lnnb02311,Land Rover,Range Rover Classic,klb-83-89,1993,82259
572,JH4KC1F51EC535416,fsyr89219,Subaru,Justy,shr-85-30,1988,724257
573,WBAXA5C57FD379674,wxhw93892,Toyota,Paseo,rqv-44-49,1993,703910
574,WA1DVAFE4AD464375,cikc87929,Pontiac,LeMans,sle-94-58,1990,354084
575,3C63DPML8CG902823,ouxo24655,Volvo,S80,puf-78-45,2001,577270
576,2G4GP5EX8E9322844,wbdk97569,Kia,Sportage,qij-84-79,2009,55215
577,1GYFK26209R443616,klbu29649,Isuzu,i-370,iah-57-97,2008,298351
578,1FTFW1E81AF728936,cmdl65217,GMC,2500,qgi-61-34,1995,477516
579,1FMJK1G57EE506305,xxmj39333,Isuzu,Impulse,tdv-39-05,1992,20718
580,WBAPM5C51BA462097,qedt89658,Plymouth,Breeze,kxn-06-45,1996,363925
581,WAUFL54D61N381673,dyst64232,Chevrolet,Silverado,cnw-89-55,2003,121129
582,4T1BF3EK9BU239511,qdvg40016,Jaguar,XJ Series,uxj-29-07,1994,344876
583,2G4WD582281874119,yypg35192,Lamborghini,Countach,quy-29-68,1986,294112
584,2G4WS52J651267979,udde90369,GMC,Safari,dbd-08-12,2002,617593
585,2B3CK3CV3AH807367,reze14367,Mitsubishi,Chariot,cdx-75-03,1994,46066
586,SCBLC37F43C811497,eaaa82544,Lexus,RX,sab-03-56,2005,61376
587,WUAAU34259N257213,gqem57119,Chrysler,Cirrus,cds-44-31,2000,398878
588,KNADH5A3XA6513266,fejn63446,Jaguar,X-Type,oea-69-80,2008,343308
589,5UXFG2C57BL470132,vjur86657,Nissan,Maxima,iju-27-33,2004,425453
590,1HGCR2E53DA471399,hewq34213,Toyota,Paseo,sgk-35-82,1995,737775
591,JTHBK1GG7E2938566,aefl59515,Chrysler,Concorde,tas-31-43,1995,740450
592,WBA4A9C54FG744238,kiir32420,Nissan,Quest,ukg-57-30,1996,527584
593,1FTSW3A59AE105981,eptg46429,Volvo,S60,ier-40-29,2006,22595
594,WAUVC68E43A537031,lqzn06232,Mercedes-Benz,SL-Class,hmo-69-45,2001,368255
595,5YMGZ0C56D0792759,wthq13479,Mercury,Sable,tas-83-32,1987,306469
596,1GKS1KE09DR384084,pwky97469,Toyota,Highlander,aiv-47-43,2005,397972
597,JN8AS5MT8AW098374,wkyq97711,BMW,M3,vij-10-48,2005,814587
598,5J8TB4H52FL656658,sdin20038,Chevrolet,Corvette,yrc-46-07,1987,641358
599,JH4CU2E83CC871441,earx73141,Chevrolet,Silverado 3500,cmi-90-44,2007,615713
600,WAUBC48H16K426310,hvhj99618,BMW,5 Series,efj-74-54,1997,380842
601,5UXKR6C55E0536425,vrsw56275,Toyota,Supra,ohm-32-84,1994,340993
602,3C63DPKLXCG246756,ateu44785,Audi,S8,eqa-61-11,2002,720254
603,JH4CU4F41BC242265,zffy24170,Volvo,V70,zxo-45-38,2001,97214
604,KMHHT6KD8EU136840,edef95645,Isuzu,Trooper,dyr-95-27,2002,75339
605,WAU3GAFR0DA379826,bgzg65286,Dodge,Ram Van 3500,iko-42-92,1995,283591
606,5UXFG2C55CL953698,tohq24113,Land Rover,Defender 110,ncm-75-20,1993,8873
607,3N1CN7AP4FL125472,agqb51383,Mitsubishi,Galant,reb-82-92,1987,442284
608,1D4SD6GT9BC069273,jxct01419,Lexus,HS,nyh-40-99,2010,59054
609,1G6DG8EG2A0372655,wgrn34261,Suzuki,XL-7,rhr-90-14,2005,386739
610,3LN6L2G91FR898680,rkgs28984,Lincoln,MKT,afk-38-18,2012,942279
611,JH4CU2E80EC705414,yerh22460,Chrysler,Pacifica,smk-42-15,2006,935658
612,1G4GD5GD7BF604388,etzx19109,Chevrolet,Impala,eow-40-70,2012,899378
613,YV426MDB2F2573339,aitg87716,Toyota,Tercel,zbu-91-59,1995,46016
614,1G6DJ8EY7B0282154,ikuc84005,Suzuki,SJ,piu-31-46,1985,903195
615,WAUAF78E48A586734,dzqj76701,BMW,M3,sou-36-31,1996,530952
616,5J6TF2H57EL134897,ssti63894,GMC,Safari,ddr-00-15,2005,81866
617,JA4AS2AW8DU389931,athp84845,Jeep,Grand Cherokee,jng-58-24,2005,565217
618,JN1BY1PP9FM265028,jrks52605,Infiniti,QX56,wsg-56-36,2009,377814
619,3D7TT2CTXBG386145,lqcj54610,Ford,Bronco,ynw-72-94,1996,398694
620,1FADP3E24EL373949,hihh82748,Audi,TT,whk-77-13,2005,903401
621,2HNYD2H41DH805186,lavk81848,BMW,760,yeo-92-98,2003,605093
622,WAUWGAFB5AN542992,lbnw11861,Nissan,Pathfinder,cws-21-26,2001,580105
623,1GT022CG5EF647433,ywrf27990,Plymouth,Grand Voyager,whl-86-07,1994,319401
624,1FTEX1CM5BK786792,qmee11939,Buick,Special,jqi-62-49,1962,118603
625,WAUJF78K99N708665,ejnj30976,Kia,Spectra,jwx-52-72,2003,305107
626,WAUDG74FX6N903382,gddv41239,Mercury,Cougar,eov-62-19,1994,427081
627,1G6DN57S650463052,llty79648,Chrysler,Aspen,bnc-84-15,2008,503111
628,3GYFNGE32DS423419,nqmd31877,Acura,RL,huc-68-47,2007,661590
629,KNAGG4A87A5276697,okdz57405,GMC,Savana 3500,krk-10-09,2006,576842
630,WAUEKBFB2BN469677,mtvz90504,Foose,Hemisfear,hvx-09-79,2007,142183
631,5LMJJ2H51EE071370,nlvk12911,BMW,M6,szd-01-07,2010,690665
632,WP0AA2A92BS419839,ykvg70675,Ford,Courier,sjw-45-88,1986,831027
633,1G6DV1EP0E0996215,vvca26650,Plymouth,Horizon,rqq-39-54,1978,129903
634,3GYFK22289G164341,uonr40790,Volvo,V70,tje-72-04,2000,678493
635,WAUDF78E58A821493,jxkm61446,Buick,Park Avenue,ask-90-80,2005,485010
636,5UXZV8C57CL780112,fmzy10255,Volkswagen,Jetta,itt-55-78,2011,229935
637,2GKALMEK4D6640811,godu38614,Mercury,Villager,oqv-17-28,2001,570844
638,2T1BURHE5FC504172,ezop69626,Ford,Escape,ukw-66-19,2008,807332
639,5UXFF03549L303101,zoiu62828,Buick,Rendezvous,ekp-41-20,2007,740016
640,SALFR2BGXEH815801,tetw52861,Mazda,CX-9,vfv-66-20,2011,935103
641,JN8AZ1MU5EW785329,ujdo22913,Nissan,Quest,efq-11-47,2006,886311
642,3VWML7AJ4CM990884,ppey10308,Audi,A4,fwt-49-70,1997,100970
643,5TDBM5G10AS771002,uhii91679,Porsche,911,sbw-34-80,1998,514384
644,WVGAV7AXXCW659419,zosw62280,Acura,MDX,trf-89-98,2007,202928
645,1G6YX36D585738842,zaoh53939,Ford,ZX2,alu-65-43,2003,530964
646,WBAYA6C50DC943310,klgg16211,Kia,Spectra5,cge-66-32,2006,228583
647,3VWPG3AG5AM515689,nobf87307,Mitsubishi,RVR,hdp-18-70,1994,786226
648,TRUDD38J191128037,ruov10361,BMW,7 Series,muh-65-93,2008,513051
649,WBADR63483G712225,zfrs50820,Chrysler,Crossfire,ixm-15-37,2004,121287
650,5TFBM5F14AX765229,yuxv72010,Chevrolet,Suburban 1500,hiy-12-89,2002,351823
651,SAJWA4GBXFL834825,rpgr88214,Scion,xB,hhm-72-74,2005,922710
652,1C6RD6FP4CS075237,fimf76941,Volkswagen,Golf III,bey-94-44,1995,539245
653,WBA6B2C59ED902943,flgf27301,Chrysler,Concorde,xvo-60-37,1996,52381
654,WBALL5C52EJ133088,yspn35993,Buick,Regal,wiz-93-81,1990,740911
655,WAUPFAFM9AA156236,rtux68238,Dodge,Avenger,mli-44-71,2011,487290
656,19XFA1E59AE037347,udjn95129,Plymouth,Sundance,ovn-24-64,1992,460990
657,WAUCFAFH8EN988294,aerd02549,BMW,5 Series,crx-95-08,1997,877199
658,1G6DC5E51C0714883,pvrj03623,Mitsubishi,Mirage,ipu-57-61,1994,392820
659,WBXPA73475W016254,xovu17139,Chrysler,Concorde,nwl-59-96,1997,593182
660,1GYEC63858R817581,bfoo01828,Chevrolet,Express 1500,vgz-43-23,2010,195929
661,ML32A3HJ7EH468209,egaf75243,Nissan,350Z,zcf-77-97,2007,312544
662,1FMCU0C77CK351306,uhmj33735,Buick,Lucerne,yov-36-16,2006,851376
663,WAUDL74FX6N959043,urvl87855,Dodge,Avenger,xbp-40-74,1995,179751
664,WBA3R1C53FK161873,znsa05224,Hyundai,Elantra,ifq-66-45,1996,907266
665,YV126MFD4F2843585,grwg20774,Lexus,RX,ivw-12-27,2006,972968
666,2C3CDXCT3EH843228,vtzh69188,Mercedes-Benz,E-Class,syx-50-14,1993,511888
667,WAUKFAFL8CA310648,hvta02984,Jaguar,XF,blm-99-76,2012,248796
668,WDDJK7DAXFF855391,nhis12169,Lexus,GX,dna-81-19,2012,671038
669,1G6DL5EG4A0420912,gyfm34808,Jaguar,XK Series,zsm-61-18,2004,475448
670,1G6YX36D795780169,efxe03203,Chrysler,Town & Country,uqz-19-92,2008,597316
671,SCBET9ZAXFC915493,oraj69612,Maybach,62,pdm-96-87,2007,468955
672,4T1BF3EK3AU502008,sxwu13401,Mazda,B-Series,ssh-67-07,2000,774678
673,WAUNG94F99N911820,vdqe58017,GMC,3500,ghz-83-55,1993,30262
674,WA1BV94L38D129139,mwqd05828,Hyundai,XG350,oaz-88-99,2005,839637
675,JHMGE8G36BS076245,uxvq18120,Jeep,Grand Cherokee,fdi-71-73,2007,574137
676,YV4952CF4B1048258,xoaj72767,BMW,X3,vsq-70-73,2009,93081
677,WBAYE8C55ED576724,kqkg79868,Mercury,Sable,akh-39-57,2002,656444
678,WAUEH64B21N479892,pwmo67991,Nissan,Datsun/Nissan Z-car,idn-15-98,1990,958158
679,1G4GE5GV9AF544893,syfi35487,Subaru,Justy,tem-85-32,1992,55496
680,1GD312CG9EF488850,vxai43488,Pontiac,Safari,job-27-81,1989,37104
681,JN8AZ2KR3AT861890,ydbl43239,Lexus,LX,ksw-79-75,1996,87079
682,SALAG2D41AA687616,tmjp75854,Infiniti,EX,uwd-50-51,2011,778834
683,3N1AB7AP1FY688384,wdtu42470,Mercedes-Benz,CL-Class,pkt-97-64,1999,688479
684,5UXFG2C57CL093965,esdd78391,Ford,Windstar,wjb-49-57,1996,829417
685,5TFBW5F12CX939294,gqgf81149,Mazda,Protege,zvv-72-98,1997,633671
686,KMHGH4JH4FU915465,ovev25111,Lincoln,MKZ,hat-62-95,2011,492962
687,2FMGK5B87EB058730,qqop92706,Cadillac,Escalade,iam-84-54,2006,468875
688,4A4AP3AU4DE323861,bxxx46979,Mercedes-Benz,CL-Class,iaa-44-82,2001,157285
689,2G61P5S30E9988319,yzxf33188,Honda,Civic,izg-07-95,2009,135532
690,JHMGE8G25AS078980,cygo09878,GMC,2500 Club Coupe,pbp-16-88,1995,814296
691,JN8AZ2KR7AT053039,psvg01593,Chevrolet,Express 2500,ggn-06-26,2004,504472
692,WBAYM9C54ED972619,ynss07958,BMW,Z4,eie-65-64,2009,296015
693,WBA6B4C56FD931247,yqem41165,Chevrolet,HHR,kkh-15-15,2009,339420
694,WAUGL78E35A908598,qkyh49529,Mercedes-Benz,CLK-Class,grm-36-48,2009,362597
695,WBAUL73509V177105,txlo81898,Dodge,Neon,uac-93-53,1995,449740
696,WBAYA8C59DD294399,hqxc84077,Chevrolet,Corvette,xvh-87-55,1957,191174
697,WDDGF4HBXCF111320,hdoo40327,Chevrolet,Tahoe,omr-14-41,1995,459506
698,KMHFG4JG7EA225103,dpfg23050,GMC,Sonoma,yox-29-89,1999,727787
699,WBAKX6C51BC605965,vazi16158,Lamborghini,Murci√©lago,xgx-93-27,2007,22065
700,JTDZN3EU0FJ466262,ojrj08317,BMW,600,fgb-60-68,1959,750337
701,2C4RDGBG8CR615839,kxps28672,Cadillac,Escalade EXT,hdv-45-15,2008,231825
702,1C4RDHDG7EC364200,pexm23699,Pontiac,Firebird,gow-21-34,1986,183995
703,1GTN2TEH5FZ082408,yijd61096,Pontiac,Firefly,mvc-43-72,1992,155671
704,1GYFK46838R409149,awqz90424,Hyundai,Sonata,kxl-58-65,2012,526688
705,WDDHF7GB3FB829066,mjav84606,Ford,Explorer Sport Trac,icy-21-07,2002,777019
706,SAJWA8JH4EM353756,fail07583,Ford,F250,pkf-31-45,2005,334141
707,WAUGL78E27A542958,zlqe58921,Volkswagen,Corrado,nde-94-89,1990,24245
708,WAULT58EX5A179986,wdul13727,GMC,Sierra 3500,jod-45-83,2005,265850
709,1GYUCCEF1AR259658,aqwe85057,Chrysler,300,oks-02-35,2005,124757
710,3VWKX7AJ3BM574996,woyt09213,BMW,X3,lsn-22-95,2006,484086
711,WVGAV7AXXBW977345,iuqe74889,Mitsubishi,Outlander Sport,ngb-68-52,2012,580993
712,5XYKT3A16CG535227,evwi17089,Nissan,Quest,rrj-25-43,2006,70327
713,WAUHF98P06A697774,brdn62937,BMW,5 Series,kzx-44-41,1997,521384
714,JTHCL5EF0F5278356,tmpt26873,Maserati,Gran Sport,gqf-58-35,2006,867731
715,1N4AA5AP7AC029740,ptmz77240,Chevrolet,2500,oxu-60-15,1998,125024
716,1GYS3AKJ3FR990488,swdc76519,Jeep,Liberty,esp-29-33,2008,727083
717,JN1BY1PR4FM012829,xymg68311,Volkswagen,Eurovan,eco-08-22,1999,245589
718,1D4RE4GG1BC828775,jock67464,Chevrolet,Aveo,tcm-46-25,2007,448334
719,1FTEX1C87AF643157,jots57376,Eagle,Talon,pmv-26-63,1992,150545
720,WP0AB2A99BS334591,rulg07657,Toyota,RAV4,uzo-63-05,2008,265800
721,2C3CCAEG5FH755394,duef90392,Ford,Transit Connect,vvx-60-91,2013,983707
722,WAUAVAFD8CN595853,pphd46889,Infiniti,I,ogv-48-30,2001,450389
723,WAUVC58E74A535429,zgjq77244,Hummer,H3,bju-04-25,2008,854922
724,JH4KC1F76EC619846,giua84349,Cadillac,STS,ppk-24-86,2010,130906
725,1G6KD57Y88U251118,hxez42108,Toyota,Echo,uay-23-79,2005,982494
726,WVGEF9BP8DD342342,hons39957,Cadillac,CTS,cxg-32-89,2011,846684
727,1ZVBP8AN8A5662942,tvpo94224,GMC,Suburban 1500,aou-85-61,1999,894090
728,WAUVT64B23N716351,mdub93193,Volkswagen,Jetta,rwr-06-56,1991,602592
729,KMHD35LHXFU497157,ecdo45017,Chrysler,Pacifica,poj-74-62,2005,310089
730,1N6AF0LY4EN248960,glkb39280,Subaru,Legacy,hvn-73-77,2001,983441
731,WAUGN74F87N702004,ynjl03500,Acura,TSX,urn-97-86,2009,492970
732,WBA3N3C53EK011915,rinv66185,Lincoln,Town Car,qtr-72-05,1991,132353
733,2V4RW3D15AR699083,ljom63262,Nissan,Maxima,twq-85-17,2006,744838
734,5GAKVBKD2DJ886281,njdv30483,Infiniti,FX,zlr-61-17,2012,390609
735,JN1CY0AP8AM022066,axmd02794,Saab,900,xso-83-12,1990,907914
736,WUATNAFG8EN566848,fwwk46105,Mazda,CX-9,lmf-85-63,2007,966042
737,1N6AA0ED4FN951260,fqiw24140,Subaru,Outback,zkl-04-14,2000,685382
738,2T1BURHE5EC345524,hphy69070,Chevrolet,Express 3500,kta-21-36,2002,994781
739,2C3CDXJG9DH067563,orpl67009,Plymouth,Colt,xsy-96-50,1992,361479
740,2C3CCAPG0DH942990,nqid74199,Mercedes-Benz,CLS-Class,awo-11-88,2009,62226
741,WAUBF78E17A839995,gdjs60985,Ford,Escape,jkk-10-79,2012,61138
742,JM3TB2CV9F0779750,umwb29555,Maserati,Biturbo,sfd-40-02,1987,500823
743,5N1CR2MM7EC147882,lhbc49400,BMW,7 Series,rtj-96-91,2007,149555
744,WAUDF48H37K616188,yopk77175,Volvo,960,vsx-90-97,1996,934323
745,WAUVC68EX2A409231,uslb68750,Maybach,Landaulet,xvu-11-43,2011,289640
746,3N1CE2CP7FL492608,gjvd97383,Chevrolet,Suburban 2500,iuu-38-84,2004,932903
747,WAULD64B72N988817,wlzz47867,Chevrolet,Silverado 3500,lgq-33-93,2009,957948
748,3C4PDDEG5DT034203,rzfc19852,Chevrolet,Corvette,yvn-83-12,1973,655174
749,1FADP3E20EL811673,lola14858,Chevrolet,Corvette,arq-65-90,2011,332269
750,JN8AZ2KR0ET160634,sulp24295,Toyota,Camry,fsv-32-28,2012,368031
751,3D73M4CL3BG790588,yksh16781,Ford,Festiva,lui-78-30,1989,495804
752,WAUKH78E38A461321,xeuh03541,Chevrolet,Tracker,kct-46-74,2001,337842
753,JTDKN3DP2C3172844,vzai65456,Ford,LTD Crown Victoria,mgv-25-70,1990,950829
754,5N1AZ2MH7FN297796,lakh89126,Suzuki,SJ,svx-99-80,1993,361730
755,1G6DG8E57C0992435,lxno38265,Bentley,Arnage,lap-94-19,2008,994335
756,1G6AY5SX3E0961626,sexx19395,Mercedes-Benz,C-Class,toc-14-16,1999,892930
757,1C3BC4EB7AN998450,jnjg74687,Lincoln,MKS,yxw-31-07,2011,916329
758,5N1AN0NU1EN848492,kolp48243,Volvo,C70,xoy-78-40,2012,46785
759,KL4CJESBXFB355206,nnss09483,GMC,Safari,irt-71-09,1997,890813
760,19UUA65506A683599,tqpe33432,BMW,325,mky-68-45,2005,732378
761,3GYEK63N52G088644,aybn68134,Subaru,Legacy,sbd-82-35,1995,406953
762,2C3CCAFJ3CH548590,yzua03243,Dodge,Dakota Club,cmw-15-82,2003,229265
763,1GYS3KEF8CR841101,lzjp60615,Saab,900,iao-94-26,1985,563862
764,1G6DJ5E34D0582191,raby74299,Honda,CR-Z,rgt-78-17,2012,756326
765,JTDBT4K30A1594258,mmyw28930,Lexus,IS,duz-80-41,2010,542289
766,1HGCP2F37BA842600,lvqn52377,Morgan,Aero 8,spz-62-75,2006,279578
767,3LNHL2GC4CR738258,xbbn64881,Ford,Mustang,dff-02-91,1986,112186
768,19UYA42422A441084,keys54337,Kia,Forte,ahq-28-25,2011,44087
769,1G6DK8EV5A0291355,jcoa31336,Jeep,Commander,enr-53-02,2009,324965
770,3FAHP0DC8AR930545,hpld54125,Dodge,Grand Caravan,hnz-68-59,2005,326173
771,3C4PDDGG2ET989796,dkaw61859,GMC,Suburban 2500,bmv-20-49,1996,616037
772,WAUHE78PX8A768263,izpz10425,Volkswagen,Passat,vpv-59-25,2000,601940
773,JN8AS5MT8BW764778,ozxr37315,BMW,Alpina B7,gaj-85-09,2008,15599
774,WDDPK5HA2FF828789,evtw69729,Mitsubishi,Pajero,erf-69-85,2004,761770
775,1G6DE5E5XC0273488,ohrn39539,Honda,Pilot,oua-62-77,2011,239579
776,4T1BD1EB7FU286374,iwze51723,Porsche,928,btv-66-67,1985,712315
777,JN1AZ4EH0FM414142,vplo06872,Chevrolet,Cavalier,lls-32-96,1993,588436
778,WBA3B1C5XFK982425,zoon98023,Pontiac,Bonneville,lfe-74-10,1966,370516
779,ML32A3HJ4FH890424,qlrz06391,Mitsubishi,GTO,guy-47-60,1999,440610
780,WBA3B1C57FP593177,ldwa71430,Suzuki,Aerio,erg-45-08,2004,482985
781,1G6AS5SX1E0901264,xwtu49860,GMC,Jimmy,scg-09-59,1999,929030
782,3D73M4CLXBG346642,gwhr45432,Porsche,911,pxi-24-28,1996,466639
783,WAULC58E62A794451,dxdz29371,GMC,3500,uhm-29-41,1995,53498
784,55SWF4JBXFU154885,pdtm96508,Volkswagen,New Beetle,xgt-40-84,2007,483155
785,1C3CDWEAXCD864447,lxfw36376,GMC,Sonoma,hxg-97-69,1995,618273
786,WAUDL74F15N523096,phna09293,Ford,Focus,etu-39-74,2012,136114
787,WAUDFBFL9AN843192,gqed51485,Ford,Mustang,dxu-37-45,1980,742885
788,WDDLJ7GB9FA343263,fqvf19104,Toyota,Tercel,syv-50-70,1997,765639
789,WAUFGAFC5DN857885,yxeu72081,Subaru,Baja,yeb-07-14,2006,12439
790,YV440MBM0F1641609,xeto67244,Volvo,V50,lud-68-58,2010,144467
791,KNAFK4A60F5234260,ltwo61176,Lexus,ES,ixo-75-94,1996,828508
792,5N1AN0NU7CN146755,jajf50936,Lincoln,Navigator L,mot-99-99,2012,737596
793,SCBBB7ZH2FC651371,bwxt85504,Mazda,B-Series,ajx-69-81,1990,906314
794,19UUA56761A070597,ruvy65903,Chevrolet,Cavalier,xpp-08-88,2003,91989
795,1D7RV1CP7BS467999,arro24499,Volkswagen,Cabriolet,qqj-21-18,1988,304798
796,3N1BC1AP3BL973139,lmbh36645,Lexus,LS,pcd-26-19,2002,310294
797,WBAHN035X7D234559,ttmq26041,Suzuki,Daewoo Lacetti,rcq-24-71,2006,133859
798,19VDE1F38FE747266,runq11354,Chrysler,200,keo-91-66,2012,215687
799,19UUA9E51CA183464,tmmx77970,Acura,ZDX,jid-24-59,2010,922959
800,SCFBB03C29G430482,bumg46932,Mercury,Villager,vhy-69-07,1995,675326
801,SAJWA4HA3EM544506,oqpm67967,Chrysler,Cirrus,vzj-98-68,1998,256227
802,WVWAA7AH9BV092195,nxkw74688,Cadillac,Catera,sex-08-81,1997,254657
803,2FMGK5B87EB461025,efpr24684,Chrysler,LHS,ckv-37-60,1997,834573
804,1C6RD6HT7CS125171,aamx98681,Lexus,LS,llu-94-96,1999,623148
805,WBSBR93472E526688,clif23585,GMC,1500 Club Coupe,ylh-46-54,1994,922038
806,WAUDFAFL6EN327064,qdts71284,Nissan,Frontier,bba-53-46,2007,484717
807,3C6LD5AT1CG577859,zcsk69674,BMW,7 Series,fqu-33-14,2009,30543
808,1D4PU6GX7BW515458,kpoa84117,Mitsubishi,Montero Sport,jjt-78-35,1999,107291
809,1FTEW1CM0BF305004,fahe27291,Eagle,Vision,uhf-78-53,1996,889554
810,WAU3GAFD9FN769176,hdfa81206,Chevrolet,Venture,ugu-31-89,2000,246540
811,WAUAFAFLXCN060012,moje58187,Mazda,CX-9,bbp-71-37,2008,492184
812,2T1BU4EE7CC809045,rmwd84252,Volvo,V70,neb-52-88,2003,380336
813,WAUMGBFL8DA821158,ueis68692,Ford,Transit Connect,dui-65-18,2012,791195
814,1G6KD57Y49U143645,amna01726,GMC,Sonoma,dwx-80-01,2003,914510
815,WBAVC73568A694564,bped72781,Infiniti,G35,qcx-63-78,2004,536718
816,4T1BF1FK1FU251192,mwur89938,BMW,1 Series,jdu-83-05,2008,477678
817,3D7TT2CT0AG734663,vudy47848,Infiniti,QX56,cbl-28-20,2008,550932
818,WAUHMBFC3EN714197,kvtw56055,GMC,Suburban 1500,qba-40-61,1994,997994
819,1FTEW1CFXFK517794,ybvs46692,Nissan,240SX,mmz-48-09,1995,751004
820,WAUJT64B04N493338,dppt30072,Buick,Century,svq-05-06,2004,686660
821,1GYFK43579R546042,arhh96634,Honda,Element,lsh-65-07,2010,649570
822,JTHBK1GG7E2838077,lbvc36604,Cadillac,CTS-V,dks-87-61,2012,830826
823,5NPEB4AC2BH135387,znqd87756,Cadillac,DeVille,pcn-97-66,1992,33417
824,5UXFE4C56AL131359,jvev89863,Land Rover,Discovery Series II,ykv-57-34,2001,283555
825,WBAEV53465K400642,vtyz29849,Lincoln,Town Car,bbt-03-86,2001,892792
826,1C4NJPBA7DD538551,uyyo07247,Mitsubishi,Mighty Max,aoe-40-12,1996,833943
827,YV4852CT3B1949168,sjfd92425,Chevrolet,Silverado 2500,vvr-62-95,2002,411543
828,SCBFH7ZA5FC640996,dlvq78872,Chrysler,Concorde,bbj-51-89,1998,779085
829,5TDBK3EH4DS213796,trzl49144,Dodge,Ram 3500 Club,wot-07-03,1995,902452
830,W06VR54R31R685224,lvqv16652,Suzuki,Swift,udq-28-17,1988,968739
831,1GKS2GEJ2DR173344,dcxt28777,Dodge,Ram 1500,mww-26-10,2002,217503
832,3C6LD5AT2CG776371,vpya18004,Ford,Explorer,bwf-40-55,2013,534236
833,WBAUP7C56CV465366,phvw12253,Saab,9000,mgy-21-43,1988,887152
834,2T1KU4EEXBC529425,uiwc77505,Ford,Ranger,pwf-69-16,1998,885827
835,WVGEF9BP8FD049964,wixm96276,Porsche,Boxster,iwj-93-20,2002,887879
836,1G6DP567150432220,oqvl28434,Ford,Taurus,ppc-42-78,2000,170058
837,3VWKX8AJ1BM826282,yatc77355,Volkswagen,Touareg,zlt-59-85,2010,381306
838,1G6DA1E30E0842791,ixgu21552,Chevrolet,Express 3500,nxn-13-08,2004,602976
839,JTMHY7AJ2B5675303,bgvn22815,Ram,3500,jri-34-89,2012,533716
840,1G6DL8E38D0676036,zumv56441,Toyota,Prius,cvz-40-14,2007,128070
841,WBAPM5C58BE773986,vger65368,Honda,Passport,omq-83-65,1998,135170
842,1G6DL8E3XD0913772,uvmy81933,Ford,E-Series,alr-05-83,1995,851671
843,WBANW535X8C971846,ajcp49692,Aston Martin,DB9,buc-31-72,2009,434121
844,WAUDGAFL4CA815219,nawy50475,GMC,Suburban 2500,vdv-64-39,1996,637791
845,5UXFG8C59AL402674,ptaz67250,Mercedes-Benz,S-Class,pmk-67-18,1998,895352
846,5J6TF1H58DL099506,xacm64941,Chrysler,200,jey-89-48,2012,798762
847,WAUEF78E18A468156,yqoh61652,Mercedes-Benz,300TE,odd-29-96,1993,779964
848,1FMJK1JT2FE670263,eviq48987,Nissan,Sentra,vgx-19-16,2001,111049
849,5GTMNGEE7A8886331,nfve25852,Buick,Park Avenue,cqn-94-00,2004,563948
850,WBABD33415J328393,gzhj83829,Buick,Park Avenue,gis-04-22,1992,364066
851,WBAUC7C54AV011643,izvf72128,Chevrolet,Lumina,yyw-91-24,1992,663339
852,1G6DM577880711370,nkxa72390,BMW,6 Series,stt-39-22,2008,735915
853,WAUBFAFL5FN217549,muri40743,GMC,Sonoma Club Coupe,zcf-91-20,1993,26932
854,WBA3V5C57FP954227,bgba99397,Austin,Mini,scu-91-68,1963,431315
855,5N1AA0ND0FN653772,hllp61471,Lotus,Esprit,ppk-69-31,1995,149578
856,3C3CFFAR7FT961304,bqso66744,Pontiac,GTO,xlb-10-14,1968,784569
857,KNAFT4A21B5147827,oqbc39605,GMC,Jimmy,uis-67-22,1999,533665
858,1N6AF0LY2FN875061,yckj82978,Ford,Escort,jnw-39-68,1990,929232
859,JTHCL5EF2F5408282,qbdk24256,Lamborghini,Gallardo,geo-17-91,2007,694861
860,1G6AT5SX3E0278632,odvv14081,Isuzu,Axiom,igq-86-75,2003,775285
861,SAJWA6BC1F8822724,lurt13909,Volvo,XC70,nkb-56-58,2009,869802
862,WA1GFCFS4FR101242,tcux19770,Mercedes-Benz,C-Class,pwd-95-11,2006,516065
863,WBAWL73547P700071,njde54627,Audi,90,gox-46-49,1989,533954
864,WVGEG9BP7CD697207,stqo96637,Audi,100,vcc-69-53,1991,85099
865,WVWAP7AN2DE830880,qcne81857,Ford,E250,zop-01-39,2005,897766
866,JM1DE1HY3B0054060,tzku24572,Chevrolet,Silverado 2500,qbm-63-95,2007,679470
867,YV4940BZ8D1640395,xmpf30255,Audi,Cabriolet,bgr-99-26,1998,366257
868,1FTEW1C82FK166946,xdaj18267,Ford,Aerostar,oqg-57-74,1994,914365
869,19XFB4F33EE333224,thhs60592,BMW,550,qpj-37-57,2006,121938
870,WBAKF5C56BE122926,lewq21978,Buick,Century,jwf-45-37,1994,462407
871,1G6AR5S32F0838508,buqq68938,Honda,Odyssey,wwr-98-33,2004,949055
872,3D7LT2ET0AG883913,deyy27754,Lotus,Exige,gto-28-37,2007,435068
873,1FTMF1CWXAK260110,wild31385,Plymouth,Laser,rwm-48-98,1989,779127
874,JHMZF1C69ES705742,sehz75529,Chevrolet,Avalanche 2500,ipm-79-53,2002,715216
875,1G6DR57V780109432,cctd52636,Dodge,Ram Wagon B150,tvh-28-34,1993,597205
876,JHMZF1C69ES738773,iyao98127,Kia,Soul,lzp-70-11,2011,411502
877,WP0CB2A85FS549164,jgqf36508,Toyota,Avalon,cyd-67-36,2004,736209
878,1HGCP2E70AA250216,mjjs68999,Alfa Romeo,Spider,mcz-34-05,1994,969676
879,WAUWMAFC0EN821385,pdck84201,Eagle,Talon,jtc-89-98,1994,5870
880,WAUBGAFB6BN239087,egdh66939,Pontiac,Firefly,mij-80-41,1986,209037
881,3VW467AT2DM275600,zflj81546,GMC,Sierra 2500,axa-97-64,2006,909864
882,JA32U1FU5AU446649,vgkw70383,Ford,Five Hundred,whs-11-93,2006,971256
883,WUAW2BFC6EN658520,mrfg49519,Mazda,Mazdaspeed6,qlf-67-21,2006,659573
884,5UMCL93402L513527,towj31012,Cadillac,Seville,omf-73-87,1994,951235
885,1D7CE2GK0AS098752,qpah64707,Toyota,Prius,lqz-16-25,2012,867325
886,JN8AS5MT3AW990631,geyo70042,Mercedes-Benz,E-Class,glx-50-73,1999,953646
887,1GYUKAEF6AR702409,hwpr48716,Mercury,Sable,lav-91-65,1986,846326
888,JN8AS1MU0BM654658,igxd73833,GMC,1500 Club Coupe,rqt-49-30,1998,493111
889,1C4AJWAG6FL731099,nmkd19411,Honda,Pilot,xfy-58-24,2008,555440
890,SALWG2VF6FA891146,yahw98230,Hyundai,Entourage,pgw-65-74,2009,466187
891,WA1WGAFP4EA567775,mufn05783,Mazda,Tribute,mfp-31-72,2006,966321
892,WAUEH48H58K640444,nuhg88783,Mazda,MX-6,jbv-60-84,1991,821386
893,WBSVA93528E004119,qspw27605,Ford,Probe,glh-39-68,1996,913393
894,WAUKD78P97A643228,nvve86253,Dodge,Ram Van 2500,lki-17-97,1996,884753
895,1GYUCFEJ8AR636265,ueou01475,Chevrolet,Suburban 1500,xfs-44-94,2004,601949
896,WBAKP9C50ED090828,hkgf36233,Austin,Mini Cooper S,iuy-96-56,1963,30801
897,JN1AV7AP2FM389237,slho71893,Hyundai,Genesis,wbc-09-67,2012,534484
898,1GYEK63N16R499870,ejxy08708,Dodge,D150 Club,djf-97-43,1992,851595
899,WAUUL78E55A480942,afsb28238,Honda,Odyssey,gao-90-36,2011,764530
900,WAULT64B54N996520,zuzz62456,Dodge,Dakota,rne-76-25,1993,249322
901,WBAEN33474P296085,kykj33101,Dodge,Ram Van 2500,vzs-71-57,1998,539746
902,WAUBNBFB5BN425103,yuce46842,Mazda,MX-5,djp-44-59,2004,228184
903,WAUVFAFR7CA212633,hmrx23561,Subaru,Justy,hsy-46-05,1988,455420
904,5YMGY0C5XBL053280,iapn21337,Land Rover,Freelander,arj-32-53,2001,510908
905,KMHHT6KDXBU444331,wvbl90343,Pontiac,Grand Prix,zli-57-22,1962,762537
906,1N6AA0CA4DN734863,tysz98734,Saab,9-2X,eez-69-78,2006,502227
907,1GD312CG4DF539637,jccz91102,Toyota,Camry,jpt-74-14,2006,765614
908,3VW467AT9DM805366,pvcr94339,Chevrolet,Caprice Classic,kei-34-90,1993,507487
909,2G4WC582381602536,bcdd25646,Volvo,S80,kdm-45-97,2010,695659
910,WAUCFAFH5FN587478,cjdu11616,Ford,Explorer,zod-64-87,2004,168122
911,1GYFC43529R543904,nlds81162,Buick,Regal,ljg-92-88,1999,946434
912,WBAPT7C52AC344285,ansg83129,Jeep,Grand Cherokee,tzu-52-80,2008,500798
913,WAU3VAFR8AA307970,jseb38469,Saturn,Ion,ggq-08-18,2006,648851
914,TRUSC28N411122549,swwu35744,Buick,Lucerne,fxi-70-04,2006,203244
915,WDDHF5KB6FB555454,xqnp87118,Buick,LeSabre,kff-24-75,1997,738713
916,WAUEH98E78A259249,xsvq38027,Scion,tC,tah-80-19,2011,351156
917,WBA3A9C57FF497055,vtdi85493,Ford,Crown Victoria,eju-68-77,1995,828661
918,JH4CU2F81DC800951,gwwp31032,Ford,EXP,uym-42-47,1988,883768
919,WAUKFAFLXEN910826,ypgy51722,Citro√´n,CX,qpy-08-60,1974,769563
920,2G4GP5EX9F9192851,frwe24539,Jaguar,XK Series,slo-14-86,2001,589185
921,NM0KS9BN3CT622124,yzvg77306,Chevrolet,Express 3500,lgh-28-14,1999,357584
922,WVGAV7AX8BW209086,vymj70052,GMC,Savana 3500,vqv-84-70,2004,104098
923,WAUXL58E94A582096,taqu06247,Chevrolet,Silverado 3500,uot-00-55,2005,863406
924,WBAYA6C55DD846503,lgui88194,Dodge,Ram Van B350,kms-54-47,1992,595241
925,1G6DN57S040421507,csfp02363,Toyota,Land Cruiser,ebm-60-42,1996,10699
926,1G6AH1RX8F0560069,qxoz95104,Cadillac,Seville,sqr-40-86,2004,728633
927,1GYFK36299R531215,rznr97814,Chrysler,Sebring,ose-55-78,2004,853568
928,KL4CJCSB2FB441212,rszb77311,Oldsmobile,Cutlass Cruiser,keh-49-00,1993,763401
929,1FTEX1E89AK737240,oelo73177,GMC,Suburban 1500,trc-44-78,1998,619643
930,JTHBK1GG1D1531234,lnbw79083,Infiniti,J,ipb-37-84,1995,530877
931,5LMJJ2HT8FE574359,eyii02970,Porsche,911,pdf-71-76,2010,551484
932,4T1BF1FK5DU251497,mest36476,Toyota,Camry Solara,ien-20-85,2007,501948
933,1G6DE8E5XD0763660,njvq81494,Volvo,C70,mig-77-51,2013,428637
934,JA4AP3AU8BZ197284,antb55926,Jeep,Patriot,byu-10-18,2012,185459
935,3D73Y4CL2AG523123,ixoa74121,Volkswagen,Quantum,apg-73-87,1984,674808
936,JTJBC1BA0B2628754,ezle46815,GMC,2500 Club Coupe,uzr-66-42,1994,9066
937,SAJWA1CB6BL583834,ofgp12061,Lincoln,Navigator,sik-31-95,2006,267199
938,WBAGH03461D616282,sbyl09209,Jaguar,XK Series,jna-67-72,1997,885330
939,2T1BURHE2EC492500,sxxd93864,Chrysler,Sebring,qbx-44-66,2006,487518
940,3VWML7AJ4DM293636,smcy52374,Nissan,200SX,svz-33-75,1995,580908
941,WA1EY94L58D697686,doit95233,Chevrolet,Monte Carlo,kav-09-03,1999,134082
942,1N6BF0KM4FN109111,avga68251,Subaru,Forester,urg-58-51,2005,684621
943,3VW507AT3FM641931,zjkz95311,Mitsubishi,Eclipse,rmv-86-19,2011,899087
944,JM1NC2JF3D0165350,okpn92844,Mercedes-Benz,300SD,jgv-21-09,1992,707372
945,1N6AF0KX0FN724597,eekh14115,Toyota,Corolla,jbf-90-29,2009,470382
946,1N4AB7AP3EN980620,ahty79110,BMW,5 Series,xit-99-24,2006,431598
947,3MZBM1U71EM967941,sbdw60003,Volvo,V50,wbo-58-27,2005,532497
948,3GYT4MEF6BG720577,oybr39621,Chevrolet,Impala,vkk-06-56,2009,455214
949,WBANN73527B457878,afyj56620,Dodge,Caliber,daz-55-02,2012,451572
950,WBAUU33539A494602,dcty82559,Land Rover,Discovery,kzf-76-26,2000,757227
951,WAUDFAFC6FN306734,lsqd62406,Buick,Century,alh-00-48,2002,12050
952,WAULC68E54A246904,cizq68405,Lincoln,MKS,rhe-59-86,2013,700262
953,KNAGM4AD5B5897590,fxwz35432,Honda,del Sol,etd-97-45,1993,305270
954,4T1BF1FK2FU010967,wlpc48875,Chevrolet,Monte Carlo,lff-86-65,1997,225178
955,4T3BA3BB4DU402451,ehnf21179,Toyota,RAV4,yoq-39-62,2003,265216
956,KMHTC6AD5EU381526,avou63166,Bentley,Brooklands,quf-44-27,2009,945808
957,5FNYF3H25BB101676,bpxy42146,Mercedes-Benz,S-Class,tbn-67-35,1995,185818
958,JTHBP5C23D5194383,onpa39833,Dodge,Avenger,lok-18-67,2010,865022
959,WAUBFAFL3AA219896,vuid38113,Maybach,57,hai-93-14,2004,527916
960,JM1NC2JF8F0227599,svrp29202,Nissan,Xterra,wrx-99-99,2011,541491
961,WBADX7C52DJ752230,ahai47509,Dodge,Caravan,cgn-67-01,2006,103845
962,WBAFB33511L036886,cyzh22779,BMW,525,jos-08-71,2005,136903
963,WBA3C3C54EK443385,aclb78676,Volkswagen,R32,yvx-85-03,2008,584712
964,SAJWJ1CD5F8202226,cqor41939,Volvo,V50,zdg-45-76,2007,187570
965,1D4PT2GK6AW621060,jtqg32160,Volkswagen,Eurovan,geh-83-30,2000,952292
966,WAULK98K69N501442,kifd47496,Buick,LeSabre,bqk-82-24,2003,439839
967,WBA1F7C53FV659735,uhiz38378,Ford,Taurus X,atn-18-39,2008,744120
968,JH4CL969X7C840714,mdkn66751,GMC,Sierra,xzk-53-72,2008,324246
969,JA32U2FU0DU692910,ngxx23769,Pontiac,Turbo Firefly,isl-02-71,1990,945102
970,WBA8Z5C56FG811263,eclw07073,Plymouth,Laser,bgl-01-32,1991,58338
971,1FTWX3A5XAE360539,jybv94508,Honda,Odyssey,bwr-34-30,1997,249805
972,5J6TF1H39AL595182,omwx97018,Hyundai,Santa Fe,ejh-86-92,2008,255222
973,1FTEX1C87AF524072,vmcr23135,Mercedes-Benz,500SL,ray-81-54,1993,654970
974,YV1672MK4A2316577,ujre58799,Mercedes-Benz,CL-Class,ocf-16-42,2004,948080
975,4T1BF1FK3FU690443,tjwb29909,GMC,Rally Wagon 2500,rze-81-12,1994,105005
976,JHMZF1C48BS832380,jdbd38054,Bentley,Continental,pai-29-69,2012,781034
977,WBAEV33435K218370,slvh10167,Toyota,Sienna,yng-62-24,2002,80457
978,SAJWA1CB8CL454785,dwen53563,Nissan,GT-R,rar-55-88,2009,228965
979,JTDJTUD34ED346043,mosm08966,Honda,Accord,mzq-42-49,1994,378522
980,JN1CV6EK2AM739251,ixbs85477,Saab,900,drq-04-64,1992,831625
981,WBAWV13558P440305,nkla89608,Toyota,Avalon,mpk-77-79,1998,180326
982,1FMJK1F52BE810865,ieyt47939,Ford,Econoline E150,pxq-57-78,1996,932723
983,JH4CU2F68AC962294,nuwo63688,Nissan,370Z,ihb-18-45,2011,152408
984,3N1CN7AP8EK224462,sytp13570,Nissan,350Z,kdd-12-10,2007,432052
985,2HKRM3H30EH961588,mkue89048,GMC,Sierra 2500,cax-33-87,2005,117037
986,WBANB535X7C742559,ssej48945,Suzuki,SJ,ieo-61-77,1993,688015
987,WDDEJ7KBXDA617793,gthn78349,Chevrolet,Corvette,ckq-52-12,1962,31157
988,WA1LMAFE3FD572198,wqhb41163,Suzuki,SJ,zuu-78-58,1989,384487
989,SCBZU25E61C070228,xkzg34263,Lincoln,LS,zyh-40-33,2002,542008
990,WBAVB73557F148553,oksf65060,Ford,F350,igm-17-50,2008,67455
991,2G4G05GVXB9877659,nqeg07692,Nissan,Rogue,sff-03-42,2009,349290
992,3D7TP2CT5AG394706,sunz72399,Subaru,Tribeca,yoh-43-81,2007,930456
993,1GYFK46858R462886,djgb36025,Chevrolet,Cavalier,sso-04-12,2000,914438
994,3D7TT2CT9BG981276,lohm13224,Ford,Mustang,brp-22-56,2007,277235
995,5TDDK3DC6ES057955,hcat37784,Mercury,Mountaineer,jls-70-92,2002,780651
996,1GKUCHE03AR555848,nbqb67078,Chevrolet,Silverado 3500,jvr-86-59,2004,611301
997,WAUWGAFC5DN520942,crxv90941,Mazda,B-Series,atr-48-48,1992,433534
998,1GYS3AEF3DR993976,pfdn13788,Mercedes-Benz,W201,rxz-15-78,1992,94372
999,1FTEW1CM9CF475654,hekp28461,Audi,A4,wlo-14-72,2006,770106
1000,JN1CV6FE0DM941888,rris63630,Jaguar,XJ Series,ces-93-23,1994,862994
